<?xml version="1.0" encoding="UTF-8"?>
<gpx creator="https://gpx.studio" version="1.1" xmlns="http://www.topografix.com/GPX/1/1" xmlns:xsi="http://www.w3.org/2001/XMLSchema-instance" xsi:schemaLocation="http://www.topografix.com/GPX/1/1 http://www.topografix.com/GPX/1/1/gpx.xsd http://www.garmin.com/xmlschemas/GpxExtensions/v3 http://www.garmin.com/xmlschemas/GpxExtensionsv3.xsd http://www.garmin.com/xmlschemas/TrackPointExtension/v1 http://www.garmin.com/xmlschemas/TrackPointExtensionv1.xsd http://www.garmin.com/xmlschemas/PowerExtension/v1 http://www.garmin.com/xmlschemas/PowerExtensionv1.xsd http://www.topografix.com/GPX/gpx_style/0/2 http://www.topografix.com/GPX/gpx_style/0/2/gpx_style.xsd" xmlns:gpxtpx="http://www.garmin.com/xmlschemas/TrackPointExtension/v1" xmlns:gpxx="http://www.garmin.com/xmlschemas/GpxExtensions/v3" xmlns:gpxpx="http://www.garmin.com/xmlschemas/PowerExtension/v1" xmlns:gpx_style="http://www.topografix.com/GPX/gpx_style/0/2">
  <metadata>
    <name>New file 1</name>
    <author>
      <name>gpx.studio</name>
      <link href="https://gpx.studio"/>
    </author>
  </metadata>
  <wpt lat="41.880035" lon="-87.620809">
    <ele>182.92865064288821</ele>
    <name>START</name>
  </wpt>
  <wpt lat="41.867699" lon="-87.620428">
    <ele>186.47050959457727</ele>
    <name>FINISH</name>
  </wpt>
  <trk>
    <name>New file 1</name>
    <trkseg>
      <trkpt lat="41.88010124748217" lon="-87.62078675457757">
        <ele>182.92944759132337</ele>
      </trkpt>
      <trkpt lat="41.88055090089506" lon="-87.6207900684009">
        <ele>183.0417581351815</ele>
      </trkpt>
      <trkpt lat="41.880813" lon="-87.620792">
        <ele>182.9609348526384</ele>
      </trkpt>
      <trkpt lat="41.880813" lon="-87.620792">
        <ele>183</ele>
      </trkpt>
      <trkpt lat="41.880878" lon="-87.620794">
        <ele>183</ele>
      </trkpt>
      <trkpt lat="41.88099" lon="-87.620711">
        <ele>183</ele>
      </trkpt>
      <trkpt lat="41.881332" lon="-87.620716">
        <ele>183.27</ele>
      </trkpt>
      <trkpt lat="41.881523" lon="-87.6207">
        <ele>183.5</ele>
      </trkpt>
      <trkpt lat="41.881572" lon="-87.620696">
        <ele>183.55</ele>
      </trkpt>
      <trkpt lat="41.882214" lon="-87.620609">
        <ele>185.21</ele>
      </trkpt>
      <trkpt lat="41.882623" lon="-87.620558">
        <ele>187</ele>
      </trkpt>
      <trkpt lat="41.88297" lon="-87.620543">
        <ele>186.21</ele>
      </trkpt>
      <trkpt lat="41.88328" lon="-87.620542">
        <ele>186.29</ele>
      </trkpt>
      <trkpt lat="41.883868" lon="-87.620545">
        <ele>186.77</ele>
      </trkpt>
      <trkpt lat="41.884147" lon="-87.620547">
        <ele>186.9</ele>
      </trkpt>
      <trkpt lat="41.884147" lon="-87.620547">
        <ele>186.75402641484655</ele>
      </trkpt>
      <trkpt lat="41.884595889671516" lon="-87.62058234271234">
        <ele>192.11278185088952</ele>
      </trkpt>
      <trkpt lat="41.88476235803509" lon="-87.62059544937053">
        <ele>191.99109651644676</ele>
      </trkpt>
      <trkpt lat="41.88476235803509" lon="-87.62059544937053">
        <ele>191.99109651644676</ele>
      </trkpt>
      <trkpt lat="41.88476235803509" lon="-87.62059544937053">
        <ele>191.99109651644676</ele>
      </trkpt>
      <trkpt lat="41.88521167952173" lon="-87.62061888754783">
        <ele>192.39719705623855</ele>
      </trkpt>
      <trkpt lat="41.88542190445443" lon="-87.6206298536142">
        <ele>192.06596148286815</ele>
      </trkpt>
      <trkpt lat="41.88542190445443" lon="-87.6206298536142">
        <ele>192.06596148286815</ele>
      </trkpt>
      <trkpt lat="41.885871520208035" lon="-87.62063834396226">
        <ele>191.7122436253594</ele>
      </trkpt>
      <trkpt lat="41.88632113596164" lon="-87.62064683431029">
        <ele>193.18549252311618</ele>
      </trkpt>
      <trkpt lat="41.886373631673166" lon="-87.62064782561644">
        <ele>193.09793414784895</ele>
      </trkpt>
      <trkpt lat="41.88682328553804" lon="-87.62065102720405">
        <ele>192.36900139535146</ele>
      </trkpt>
      <trkpt lat="41.88703763537262" lon="-87.62065255339971">
        <ele>192.40321382191965</ele>
      </trkpt>
      <trkpt lat="41.88703763537262" lon="-87.62065255339971">
        <ele>192.40321382191965</ele>
      </trkpt>
      <trkpt lat="41.88748700012593" lon="-87.62063066207001">
        <ele>192.90567013375727</ele>
      </trkpt>
      <trkpt lat="41.88790037637014" lon="-87.62061052396264">
        <ele>193.30929219415262</ele>
      </trkpt>
      <trkpt lat="41.88790037637014" lon="-87.62061052396264">
        <ele>193.30929219415262</ele>
      </trkpt>
      <trkpt lat="41.88834649397879" lon="-87.62053485324071">
        <ele>178.87217238377326</ele>
      </trkpt>
      <trkpt lat="41.88879261158744" lon="-87.62045918251879">
        <ele>176.07750948664074</ele>
      </trkpt>
      <trkpt lat="41.88923872919609" lon="-87.62038351179685">
        <ele>185.77735993150466</ele>
      </trkpt>
      <trkpt lat="41.8894723136207" lon="-87.6203438910742">
        <ele>186.69223353006197</ele>
      </trkpt>
      <trkpt lat="41.8894723136207" lon="-87.6203438910742">
        <ele>186.69223353006197</ele>
      </trkpt>
      <trkpt lat="41.88957796178369" lon="-87.62039549743976">
        <ele>186.6046068406603</ele>
      </trkpt>
      <trkpt lat="41.89002524683344" lon="-87.62033349540748">
        <ele>185.02328035254675</ele>
      </trkpt>
      <trkpt lat="41.89047253188319" lon="-87.6202714933752">
        <ele>182.50943265666484</ele>
      </trkpt>
      <trkpt lat="41.89091981693295" lon="-87.62020949134292">
        <ele>180.369830910072</ele>
      </trkpt>
      <trkpt lat="41.89096070088746" lon="-87.62020382406594">
        <ele>180.28458193003212</ele>
      </trkpt>
      <trkpt lat="41.89141019818931" lon="-87.62022008099035">
        <ele>180.21730630742337</ele>
      </trkpt>
      <trkpt lat="41.89179305622608" lon="-87.62023392777907">
        <ele>180.4572320609525</ele>
      </trkpt>
      <trkpt lat="41.89178394880957" lon="-87.62083785445408">
        <ele>180.46408043406802</ele>
      </trkpt>
      <trkpt lat="41.89177484139306" lon="-87.62144178112909">
        <ele>180.55673199197983</ele>
      </trkpt>
      <trkpt lat="41.89176573397655" lon="-87.6220457078041">
        <ele>180.57199745237918</ele>
      </trkpt>
      <trkpt lat="41.89175662656004" lon="-87.62264963447912">
        <ele>180.503084133561</ele>
      </trkpt>
      <trkpt lat="41.89174751914353" lon="-87.62325356115413">
        <ele>180.09814437335973</ele>
      </trkpt>
      <trkpt lat="41.89173841172702" lon="-87.62385748782914">
        <ele>179.6280454693169</ele>
      </trkpt>
      <trkpt lat="41.8917293043105" lon="-87.62446141450415">
        <ele>184.06177252437178</ele>
      </trkpt>
      <trkpt lat="41.89172019689399" lon="-87.62506534117917">
        <ele>179.99962566400472</ele>
      </trkpt>
      <trkpt lat="41.89171108947748" lon="-87.62566926785418">
        <ele>180.57861009993286</ele>
      </trkpt>
      <trkpt lat="41.89170198206097" lon="-87.62627319452919">
        <ele>180.6518299928527</ele>
      </trkpt>
      <trkpt lat="41.89169287464446" lon="-87.6268771212042">
        <ele>180.7210754239305</ele>
      </trkpt>
      <trkpt lat="41.89168376722795" lon="-87.62748104787921">
        <ele>180.50674988930467</ele>
      </trkpt>
      <trkpt lat="41.89167465981144" lon="-87.62808497455423">
        <ele>180.56317795284286</ele>
      </trkpt>
      <trkpt lat="41.89166555239493" lon="-87.62868890122924">
        <ele>180.48480499851618</ele>
      </trkpt>
      <trkpt lat="41.89165644497842" lon="-87.62929282790425">
        <ele>180.51434183336133</ele>
      </trkpt>
      <trkpt lat="41.89164733756191" lon="-87.62989675457926">
        <ele>180.59090134461493</ele>
      </trkpt>
      <trkpt lat="41.891638230145404" lon="-87.63050068125428">
        <ele>180.6899270243439</ele>
      </trkpt>
      <trkpt lat="41.891629122728894" lon="-87.63110460792929">
        <ele>180.79741714766652</ele>
      </trkpt>
      <trkpt lat="41.89162877197674" lon="-87.63112786683917">
        <ele>180.80164070558317</ele>
      </trkpt>
      <trkpt lat="41.89117916985053" lon="-87.63111816066059">
        <ele>180.7986331361851</ele>
      </trkpt>
      <trkpt lat="41.89072956772433" lon="-87.63110845448202">
        <ele>180.82753528850242</ele>
      </trkpt>
      <trkpt lat="41.89027996559812" lon="-87.63109874830344">
        <ele>181.02334745096448</ele>
      </trkpt>
      <trkpt lat="41.89001105820233" lon="-87.63109294303018">
        <ele>181.0509060804229</ele>
      </trkpt>
      <trkpt lat="41.88956148625568" lon="-87.63108097764486">
        <ele>181.42362734071426</ele>
      </trkpt>
      <trkpt lat="41.88911191430903" lon="-87.63106901225952">
        <ele>182.18375363168914</ele>
      </trkpt>
      <trkpt lat="41.88866234236237" lon="-87.63105704687419">
        <ele>183.94764403154093</ele>
      </trkpt>
      <trkpt lat="41.88821277041572" lon="-87.63104508148885">
        <ele>183.64498499800706</ele>
      </trkpt>
      <trkpt lat="41.88780509651431" lon="-87.6310342312226">
        <ele>176.66975640350498</ele>
      </trkpt>
      <trkpt lat="41.88735552510669" lon="-87.6310222296358">
        <ele>175.8313710793325</ele>
      </trkpt>
      <trkpt lat="41.88694723256555" lon="-87.63101133001389">
        <ele>182.89553899469857</ele>
      </trkpt>
      <trkpt lat="41.886497647644696" lon="-87.63100027976255">
        <ele>182.2455196344181</ele>
      </trkpt>
      <trkpt lat="41.88604806272384" lon="-87.6309892295112">
        <ele>181.03990333837706</ele>
      </trkpt>
      <trkpt lat="41.885598477802986" lon="-87.63097817925984">
        <ele>180.80623790596445</ele>
      </trkpt>
      <trkpt lat="41.885148892882135" lon="-87.6309671290085">
        <ele>180.8022518653611</ele>
      </trkpt>
      <trkpt lat="41.88469930796128" lon="-87.63095607875715">
        <ele>180.7920880061234</ele>
      </trkpt>
      <trkpt lat="41.8844771337954" lon="-87.63095061798597">
        <ele>180.80170458224353</ele>
      </trkpt>
      <trkpt lat="41.884027489981335" lon="-87.6309454647054">
        <ele>180.65688115526757</ele>
      </trkpt>
      <trkpt lat="41.88357784616727" lon="-87.63094031142482">
        <ele>180.80858067577677</ele>
      </trkpt>
      <trkpt lat="41.883211854727534" lon="-87.6309361168679">
        <ele>180.83760197192694</ele>
      </trkpt>
      <trkpt lat="41.88276245334821" lon="-87.63091562856842">
        <ele>180.76928604644155</ele>
      </trkpt>
      <trkpt lat="41.882313051968886" lon="-87.63089514026893">
        <ele>180.707930747882</ele>
      </trkpt>
      <trkpt lat="41.88198556280199" lon="-87.63088020997179">
        <ele>180.80746981963887</ele>
      </trkpt>
      <trkpt lat="41.88153607255148" lon="-87.6308636075535">
        <ele>180.74977020510016</ele>
      </trkpt>
      <trkpt lat="41.88108658230097" lon="-87.63084700513521">
        <ele>180.80734844158368</ele>
      </trkpt>
      <trkpt lat="41.88070481503118" lon="-87.63083290413992">
        <ele>180.8005410302494</ele>
      </trkpt>
      <trkpt lat="41.880255224613926" lon="-87.63082226595132">
        <ele>180.78601878885024</ele>
      </trkpt>
      <trkpt lat="41.87980563419667" lon="-87.63081162776274">
        <ele>180.86346390566476</ele>
      </trkpt>
      <trkpt lat="41.87943257424314" lon="-87.6308028004346">
        <ele>180.82599253091018</ele>
      </trkpt>
      <trkpt lat="41.87898294954073" lon="-87.63079521399187">
        <ele>180.82930715728236</ele>
      </trkpt>
      <trkpt lat="41.878533324838315" lon="-87.63078762754917">
        <ele>180.7825453245846</ele>
      </trkpt>
      <trkpt lat="41.878158179369166" lon="-87.63078129778215">
        <ele>180.75191986065695</ele>
      </trkpt>
      <trkpt lat="41.878152966268004" lon="-87.63138517960057">
        <ele>180.85606978525738</ele>
      </trkpt>
      <trkpt lat="41.87814775316685" lon="-87.631989061419">
        <ele>180.79235675325964</ele>
      </trkpt>
      <trkpt lat="41.87814537125112" lon="-87.63226498079132">
        <ele>180.808215107582</ele>
      </trkpt>
      <trkpt lat="41.87859491534666" lon="-87.63227870303076">
        <ele>180.730878512132</ele>
      </trkpt>
      <trkpt lat="41.8790444594422" lon="-87.63229242527021">
        <ele>180.72471162509638</ele>
      </trkpt>
      <trkpt lat="41.879494003537744" lon="-87.63230614750965">
        <ele>180.78021833539563</ele>
      </trkpt>
      <trkpt lat="41.87994354763328" lon="-87.6323198697491">
        <ele>180.73746620475902</ele>
      </trkpt>
      <trkpt lat="41.88039309172882" lon="-87.63233359198854">
        <ele>180.81173143775206</ele>
      </trkpt>
      <trkpt lat="41.88068132848156" lon="-87.6323423903551">
        <ele>180.8506498744486</ele>
      </trkpt>
      <trkpt lat="41.88113088647814" lon="-87.63235526553845">
        <ele>180.78817757479646</ele>
      </trkpt>
      <trkpt lat="41.88158044447473" lon="-87.6323681407218">
        <ele>180.75490355032088</ele>
      </trkpt>
      <trkpt lat="41.88203000247131" lon="-87.63238101590514">
        <ele>180.78808009268062</ele>
      </trkpt>
      <trkpt lat="41.8824795604679" lon="-87.63239389108848">
        <ele>180.77947604784322</ele>
      </trkpt>
      <trkpt lat="41.88292911846448" lon="-87.63240676627184">
        <ele>180.76685968224788</ele>
      </trkpt>
      <trkpt lat="41.883378676461064" lon="-87.63241964145519">
        <ele>180.86475825397375</ele>
      </trkpt>
      <trkpt lat="41.88382823445765" lon="-87.63243251663853">
        <ele>180.85690467563657</ele>
      </trkpt>
      <trkpt lat="41.884277792454235" lon="-87.63244539182188">
        <ele>180.79853347927596</ele>
      </trkpt>
      <trkpt lat="41.88445278697344" lon="-87.63245040360353">
        <ele>180.83683570382954</ele>
      </trkpt>
      <trkpt lat="41.8849023882991" lon="-87.63246017598355">
        <ele>180.81561641650282</ele>
      </trkpt>
      <trkpt lat="41.885351989624766" lon="-87.63246994836356">
        <ele>180.85998595006106</ele>
      </trkpt>
      <trkpt lat="41.88580159095043" lon="-87.63247972074359">
        <ele>180.9038935779564</ele>
      </trkpt>
      <trkpt lat="41.88625119227609" lon="-87.63248949312361">
        <ele>181.4647305795447</ele>
      </trkpt>
      <trkpt lat="41.886700793601754" lon="-87.63249926550363">
        <ele>182.52487836772212</ele>
      </trkpt>
      <trkpt lat="41.88715039492742" lon="-87.63250903788365">
        <ele>180.4988963132168</ele>
      </trkpt>
      <trkpt lat="41.88759999625308" lon="-87.63251881026368">
        <ele>175.59375</ele>
      </trkpt>
      <trkpt lat="41.88804959757874" lon="-87.63252858264369">
        <ele>177.09685391491993</ele>
      </trkpt>
      <trkpt lat="41.88849919890441" lon="-87.63253835502371">
        <ele>178.46989168087032</ele>
      </trkpt>
      <trkpt lat="41.888948800230075" lon="-87.63254812740374">
        <ele>181.6149434877593</ele>
      </trkpt>
      <trkpt lat="41.88939840155574" lon="-87.63255789978376">
        <ele>181.26610243315787</ele>
      </trkpt>
      <trkpt lat="41.8898480028814" lon="-87.63256767216377">
        <ele>180.80402341940948</ele>
      </trkpt>
      <trkpt lat="41.89029760420706" lon="-87.6325774445438">
        <ele>180.7234764300461</ele>
      </trkpt>
      <trkpt lat="41.890747205532726" lon="-87.63258721692382">
        <ele>180.8381452726412</ele>
      </trkpt>
      <trkpt lat="41.89083808492441" lon="-87.63258919224707">
        <ele>180.8585179340344</ele>
      </trkpt>
      <trkpt lat="41.8912876891994" lon="-87.63259871755231">
        <ele>180.7960398004463</ele>
      </trkpt>
      <trkpt lat="41.89173729347439" lon="-87.63260824285756">
        <ele>180.86347722532358</ele>
      </trkpt>
      <trkpt lat="41.89218689774938" lon="-87.63261776816279">
        <ele>180.79844547033548</ele>
      </trkpt>
      <trkpt lat="41.892636502024374" lon="-87.63262729346803">
        <ele>180.87842670884314</ele>
      </trkpt>
      <trkpt lat="41.893086106299364" lon="-87.63263681877328">
        <ele>180.86030545209584</ele>
      </trkpt>
      <trkpt lat="41.893535710574355" lon="-87.63264634407852">
        <ele>180.78241655161335</ele>
      </trkpt>
      <trkpt lat="41.893985314849346" lon="-87.63265586938375">
        <ele>180.86994772339048</ele>
      </trkpt>
      <trkpt lat="41.894434919124336" lon="-87.632665394689">
        <ele>180.79347679345642</ele>
      </trkpt>
      <trkpt lat="41.894884523399334" lon="-87.63267491999424">
        <ele>180.8700166223143</ele>
      </trkpt>
      <trkpt lat="41.895334127674325" lon="-87.63268444529949">
        <ele>180.86583198800696</ele>
      </trkpt>
      <trkpt lat="41.895783731949315" lon="-87.63269397060473">
        <ele>180.86158503014167</ele>
      </trkpt>
      <trkpt lat="41.896233336224306" lon="-87.63270349590996">
        <ele>180.86164898307217</ele>
      </trkpt>
      <trkpt lat="41.89661799147933" lon="-87.63271164520685">
        <ele>180.8879406465833</ele>
      </trkpt>
      <trkpt lat="41.89706753544016" lon="-87.63272537988085">
        <ele>180.86441217772472</ele>
      </trkpt>
      <trkpt lat="41.897517079400984" lon="-87.63273911455485">
        <ele>180.93717889685973</ele>
      </trkpt>
      <trkpt lat="41.89796662336181" lon="-87.63275284922885">
        <ele>180.92117778628537</ele>
      </trkpt>
      <trkpt lat="41.898416167322644" lon="-87.63276658390285">
        <ele>180.87378436092172</ele>
      </trkpt>
      <trkpt lat="41.89886571128347" lon="-87.63278031857685">
        <ele>180.88026272851673</ele>
      </trkpt>
      <trkpt lat="41.8993152552443" lon="-87.63279405325085">
        <ele>180.90225122280447</ele>
      </trkpt>
      <trkpt lat="41.89976479920512" lon="-87.63280778792485">
        <ele>180.83526122563003</ele>
      </trkpt>
      <trkpt lat="41.90021434316595" lon="-87.63282152259885">
        <ele>180.79813344515327</ele>
      </trkpt>
      <trkpt lat="41.900663887126775" lon="-87.63283525727284">
        <ele>180.88416378892924</ele>
      </trkpt>
      <trkpt lat="41.9011134310876" lon="-87.63284899194684">
        <ele>180.91135767493054</ele>
      </trkpt>
      <trkpt lat="41.90156297504843" lon="-87.63286272662084">
        <ele>180.895573944271</ele>
      </trkpt>
      <trkpt lat="41.90201251900926" lon="-87.63287646129484">
        <ele>180.90695289708088</ele>
      </trkpt>
      <trkpt lat="41.90246206297009" lon="-87.63289019596884">
        <ele>180.9381555815533</ele>
      </trkpt>
      <trkpt lat="41.902911606930914" lon="-87.63290393064284">
        <ele>180.93941336668476</ele>
      </trkpt>
      <trkpt lat="41.90336115089174" lon="-87.63291766531684">
        <ele>180.93934557114073</ele>
      </trkpt>
      <trkpt lat="41.90381069485257" lon="-87.63293139999084">
        <ele>180.9033386285674</ele>
      </trkpt>
      <trkpt lat="41.90385006229107" lon="-87.63293260276293">
        <ele>180.9147739757195</ele>
      </trkpt>
      <trkpt lat="41.904299603543016" lon="-87.63294649832798">
        <ele>180.88887494730696</ele>
      </trkpt>
      <trkpt lat="41.904749144794955" lon="-87.63296039389304">
        <ele>180.990717318428</ele>
      </trkpt>
      <trkpt lat="41.9051986860469" lon="-87.63297428945809">
        <ele>181.05230970908912</ele>
      </trkpt>
      <trkpt lat="41.90564822729884" lon="-87.63298818502315">
        <ele>181.12696482359704</ele>
      </trkpt>
      <trkpt lat="41.90609776855079" lon="-87.6330020805882">
        <ele>181.1829754457095</ele>
      </trkpt>
      <trkpt lat="41.90654730980273" lon="-87.63301597615326">
        <ele>181.28415441480198</ele>
      </trkpt>
      <trkpt lat="41.90699685105467" lon="-87.6330298717183">
        <ele>181.46196395833925</ele>
      </trkpt>
      <trkpt lat="41.90744639230662" lon="-87.63304376728337">
        <ele>181.5271644568001</ele>
      </trkpt>
      <trkpt lat="41.90789593355856" lon="-87.63305766284842">
        <ele>181.53317984165378</ele>
      </trkpt>
      <trkpt lat="41.9083454748105" lon="-87.63307155841348">
        <ele>181.5807591055866</ele>
      </trkpt>
      <trkpt lat="41.90879501606244" lon="-87.63308545397852">
        <ele>181.82988951968952</ele>
      </trkpt>
      <trkpt lat="41.90924455731439" lon="-87.63309934954358">
        <ele>181.75756328708638</ele>
      </trkpt>
      <trkpt lat="41.909694098566334" lon="-87.63311324510863">
        <ele>181.82096265729297</ele>
      </trkpt>
      <trkpt lat="41.91014363981827" lon="-87.6331271406737">
        <ele>181.77399797567003</ele>
      </trkpt>
      <trkpt lat="41.91059318107022" lon="-87.63314103623874">
        <ele>181.7874706996562</ele>
      </trkpt>
      <trkpt lat="41.91104272232216" lon="-87.6331549318038">
        <ele>181.90803853748497</ele>
      </trkpt>
      <trkpt lat="41.911492263574104" lon="-87.63316882736885">
        <ele>181.876250432725</ele>
      </trkpt>
      <trkpt lat="41.91194180482605" lon="-87.63318272293391">
        <ele>181.89704828699726</ele>
      </trkpt>
      <trkpt lat="41.91239134607799" lon="-87.63319661849896">
        <ele>181.88237400459815</ele>
      </trkpt>
      <trkpt lat="41.912840887329935" lon="-87.63321051406402">
        <ele>181.84800181679574</ele>
      </trkpt>
      <trkpt lat="41.912882982170345" lon="-87.63321181523847">
        <ele>181.8678840286271</ele>
      </trkpt>
      <trkpt lat="41.913140845352395" lon="-87.63271679227803">
        <ele>181.8601675617822</ele>
      </trkpt>
      <trkpt lat="41.91322520569588" lon="-87.63255484474196">
        <ele>181.8747725517092</ele>
      </trkpt>
      <trkpt lat="41.913340514169114" lon="-87.63197079518271">
        <ele>181.9821658711586</ele>
      </trkpt>
      <trkpt lat="41.91338409456583" lon="-87.63175005588423">
        <ele>182.12515524070184</ele>
      </trkpt>
      <trkpt lat="41.913833446655715" lon="-87.63177242050497">
        <ele>182.35871305993973</ele>
      </trkpt>
      <trkpt lat="41.91404409025469" lon="-87.63178290440905">
        <ele>182.00435117717205</ele>
      </trkpt>
      <trkpt lat="41.91441246622915" lon="-87.63212942751481">
        <ele>182.3458834459083</ele>
      </trkpt>
      <trkpt lat="41.914655191288915" lon="-87.63235775359303">
        <ele>182.53074141061097</ele>
      </trkpt>
      <trkpt lat="41.91504826500863" lon="-87.63265121318867">
        <ele>182.72223426660557</ele>
      </trkpt>
      <trkpt lat="41.91520517721676" lon="-87.63276836015332">
        <ele>182.85886379190765</ele>
      </trkpt>
      <trkpt lat="41.91561384167554" lon="-87.63302044473554">
        <ele>182.8653951268537</ele>
      </trkpt>
      <trkpt lat="41.91595070613019" lon="-87.63322823950088">
        <ele>182.84669798316304</ele>
      </trkpt>
      <trkpt lat="41.916295379869254" lon="-87.63361632146443">
        <ele>182.63473358817114</ele>
      </trkpt>
      <trkpt lat="41.9164029079497" lon="-87.63373739163563">
        <ele>182.6074295314096</ele>
      </trkpt>
      <trkpt lat="41.91680171789809" lon="-87.63401653260564">
        <ele>182.20795800922377</ele>
      </trkpt>
      <trkpt lat="41.91698954337309" lon="-87.63414799819594">
        <ele>182.12186755389428</ele>
      </trkpt>
      <trkpt lat="41.917434509796216" lon="-87.63423508380511">
        <ele>182.1501061295673</ele>
      </trkpt>
      <trkpt lat="41.91787947621933" lon="-87.63432216941429">
        <ele>182.51632928386022</ele>
      </trkpt>
      <trkpt lat="41.91824834701163" lon="-87.63439436213712">
        <ele>181.56080885855823</ele>
      </trkpt>
      <trkpt lat="41.91869266364275" lon="-87.6344872479441">
        <ele>181.3416904356786</ele>
      </trkpt>
      <trkpt lat="41.9187983019753" lon="-87.63450933197399">
        <ele>181.21591345586313</ele>
      </trkpt>
      <trkpt lat="41.91920254192326" lon="-87.6347740009144">
        <ele>181.17714821123218</ele>
      </trkpt>
      <trkpt lat="41.919274925777415" lon="-87.63482139295984">
        <ele>181.25674280172385</ele>
      </trkpt>
      <trkpt lat="41.91962693022443" lon="-87.63519742360224">
        <ele>182.348201914929</ele>
      </trkpt>
      <trkpt lat="41.91975154601906" lon="-87.6353305450946">
        <ele>182.14844640455723</ele>
      </trkpt>
      <trkpt lat="41.92015483728912" lon="-87.6355769090308">
        <ele>181.1800524489767</ele>
      </trkpt>
      <trkpt lat="41.92060235192872" lon="-87.63563587365866">
        <ele>181.22908260323078</ele>
      </trkpt>
      <trkpt lat="41.920778100603115" lon="-87.63565903034285">
        <ele>181.10435636629742</ele>
      </trkpt>
      <trkpt lat="41.921227532926636" lon="-87.63567826691965">
        <ele>180.9470805896017</ele>
      </trkpt>
      <trkpt lat="41.92167696525016" lon="-87.63569750349647">
        <ele>180.6848105254179</ele>
      </trkpt>
      <trkpt lat="41.922126397573685" lon="-87.63571674007328">
        <ele>180.2795708452212</ele>
      </trkpt>
      <trkpt lat="41.922575829897205" lon="-87.63573597665008">
        <ele>180.0719151315517</ele>
      </trkpt>
      <trkpt lat="41.92269673572548" lon="-87.63574115165449">
        <ele>180.11177581767532</ele>
      </trkpt>
      <trkpt lat="41.92314622252766" lon="-87.63575793279972">
        <ele>180.3962908854586</ele>
      </trkpt>
      <trkpt lat="41.923595709329845" lon="-87.63577471394495">
        <ele>181.07735533124313</ele>
      </trkpt>
      <trkpt lat="41.924045196132035" lon="-87.63579149509017">
        <ele>180.48972676019918</ele>
      </trkpt>
      <trkpt lat="41.92449468293422" lon="-87.63580827623541">
        <ele>180.4382689556649</ele>
      </trkpt>
      <trkpt lat="41.92489637377932" lon="-87.63582327296585">
        <ele>180.29069910578949</ele>
      </trkpt>
      <trkpt lat="41.925339711090444" lon="-87.6359242678474">
        <ele>180.43601596881814</ele>
      </trkpt>
      <trkpt lat="41.92561734975584" lon="-87.63598751558997">
        <ele>180.66075784249807</ele>
      </trkpt>
      <trkpt lat="41.925634305996326" lon="-87.63538357370761">
        <ele>181.15077591854387</ele>
      </trkpt>
      <trkpt lat="41.92565126223681" lon="-87.63477963182527">
        <ele>180.41102021598624</ele>
      </trkpt>
      <trkpt lat="41.92566622918875" lon="-87.63424654377827">
        <ele>179.7418070506377</ele>
      </trkpt>
      <trkpt lat="41.925727328426206" lon="-87.63365527033143">
        <ele>179.2504965178911</ele>
      </trkpt>
      <trkpt lat="41.92614641381592" lon="-87.63387432478994">
        <ele>179.29468298568338</ele>
      </trkpt>
      <trkpt lat="41.926565499205644" lon="-87.63409337924845">
        <ele>179.24315466757264</ele>
      </trkpt>
      <trkpt lat="41.92682710469168" lon="-87.63423011951545">
        <ele>179.24878740687046</ele>
      </trkpt>
      <trkpt lat="41.92723753455315" lon="-87.63447701697261">
        <ele>179.2896905023789</ele>
      </trkpt>
      <trkpt lat="41.92764796441462" lon="-87.63472391442977">
        <ele>179.35439750801646</ele>
      </trkpt>
      <trkpt lat="41.928058394276086" lon="-87.63497081188693">
        <ele>179.251752633507</ele>
      </trkpt>
      <trkpt lat="41.928468824137546" lon="-87.63521770934409">
        <ele>179.4027191606526</ele>
      </trkpt>
      <trkpt lat="41.92857448800106" lon="-87.63528127230981">
        <ele>179.42398073636963</ele>
      </trkpt>
      <trkpt lat="41.92897182008727" lon="-87.63556425015734">
        <ele>179.74470291874772</ele>
      </trkpt>
      <trkpt lat="41.92936915217348" lon="-87.63584722800486">
        <ele>179.9670894900803</ele>
      </trkpt>
      <trkpt lat="41.92976648425969" lon="-87.6361302058524">
        <ele>180.18335857586214</ele>
      </trkpt>
      <trkpt lat="41.930163816345896" lon="-87.63641318369991">
        <ele>180.36118645513108</ele>
      </trkpt>
      <trkpt lat="41.93021185269848" lon="-87.63644739494066">
        <ele>180.36411626755714</ele>
      </trkpt>
      <trkpt lat="41.9306073164405" lon="-87.63673506849379">
        <ele>180.49590016834514</ele>
      </trkpt>
      <trkpt lat="41.931002780182524" lon="-87.63702274204692">
        <ele>180.59024804228528</ele>
      </trkpt>
      <trkpt lat="41.931250457774695" lon="-87.6372029110116">
        <ele>180.37307375507615</ele>
      </trkpt>
      <trkpt lat="41.931591305081966" lon="-87.63759714387147">
        <ele>180.67715391010285</ele>
      </trkpt>
      <trkpt lat="41.93177586331268" lon="-87.63781060872086">
        <ele>181.0267262007583</ele>
      </trkpt>
      <trkpt lat="41.932056763801356" lon="-87.63828259076652">
        <ele>182.3829455401687</ele>
      </trkpt>
      <trkpt lat="41.93221573438851" lon="-87.6385497005294">
        <ele>182.50886658122042</ele>
      </trkpt>
      <trkpt lat="41.9325484559765" lon="-87.63895628813506">
        <ele>182.05896483777013</ele>
      </trkpt>
      <trkpt lat="41.93261894687632" lon="-87.63904242840131">
        <ele>181.9536964953041</ele>
      </trkpt>
      <trkpt lat="41.932924409147404" lon="-87.63933806510647">
        <ele>181.19521437357372</ele>
      </trkpt>
      <trkpt lat="41.93337397571832" lon="-87.63935039875821">
        <ele>181.0150083705945</ele>
      </trkpt>
      <trkpt lat="41.93382354228923" lon="-87.63936273240995">
        <ele>180.871249918162</ele>
      </trkpt>
      <trkpt lat="41.934273108860154" lon="-87.63937506606169">
        <ele>180.7851134431389</ele>
      </trkpt>
      <trkpt lat="41.93472267543107" lon="-87.63938739971343">
        <ele>180.70503050439805</ele>
      </trkpt>
      <trkpt lat="41.93517224200198" lon="-87.63939973336517">
        <ele>180.45799962893963</ele>
      </trkpt>
      <trkpt lat="41.9356218085729" lon="-87.6394120670169">
        <ele>180.29889221555032</ele>
      </trkpt>
      <trkpt lat="41.93607137514381" lon="-87.63942440066863">
        <ele>180.26162952687676</ele>
      </trkpt>
      <trkpt lat="41.936520941714726" lon="-87.63943673432037">
        <ele>180.24034510525436</ele>
      </trkpt>
      <trkpt lat="41.93697050828565" lon="-87.63944906797211">
        <ele>180.12639651315038</ele>
      </trkpt>
      <trkpt lat="41.93742007485656" lon="-87.63946140162385">
        <ele>180.07460126685356</ele>
      </trkpt>
      <trkpt lat="41.937869641427476" lon="-87.63947373527559">
        <ele>180.05111789301148</ele>
      </trkpt>
      <trkpt lat="41.93831920799839" lon="-87.63948606892733">
        <ele>179.93520367485888</ele>
      </trkpt>
      <trkpt lat="41.938768774569304" lon="-87.63949840257906">
        <ele>179.8036251752537</ele>
      </trkpt>
      <trkpt lat="41.939218341140226" lon="-87.6395107362308">
        <ele>179.62605925571</ele>
      </trkpt>
      <trkpt lat="41.93966790771114" lon="-87.63952306988254">
        <ele>179.42027843996084</ele>
      </trkpt>
      <trkpt lat="41.94010846082614" lon="-87.63953515625427">
        <ele>179.31577539541811</ele>
      </trkpt>
      <trkpt lat="41.940096271133164" lon="-87.6401394424563">
        <ele>179.48148900319825</ele>
      </trkpt>
      <trkpt lat="41.94008408144019" lon="-87.64074372865834">
        <ele>179.58119589685904</ele>
      </trkpt>
      <trkpt lat="41.940071891747216" lon="-87.64134801486037">
        <ele>179.69701166763903</ele>
      </trkpt>
      <trkpt lat="41.94005970205425" lon="-87.6419523010624">
        <ele>179.90540610458734</ele>
      </trkpt>
      <trkpt lat="41.940047512361275" lon="-87.64255658726444">
        <ele>180.04758284269428</ele>
      </trkpt>
      <trkpt lat="41.9400353226683" lon="-87.64316087346647">
        <ele>180.29275956636434</ele>
      </trkpt>
      <trkpt lat="41.94002313297533" lon="-87.6437651596685">
        <ele>180.52043423540658</ele>
      </trkpt>
      <trkpt lat="41.94001094328235" lon="-87.64436944587054">
        <ele>180.55410732692096</ele>
      </trkpt>
      <trkpt lat="41.940010724056634" lon="-87.64438031366495">
        <ele>180.554332780071</ele>
      </trkpt>
      <trkpt lat="41.93956119756295" lon="-87.64436557459015">
        <ele>180.52381655706634</ele>
      </trkpt>
      <trkpt lat="41.93911167106927" lon="-87.64435083551535">
        <ele>180.5032307257725</ele>
      </trkpt>
      <trkpt lat="41.93866214457559" lon="-87.64433609644054">
        <ele>180.42237858447345</ele>
      </trkpt>
      <trkpt lat="41.9382126180819" lon="-87.64432135736574">
        <ele>180.4329026119072</ele>
      </trkpt>
      <trkpt lat="41.93776309158822" lon="-87.64430661829094">
        <ele>180.22867566766507</ele>
      </trkpt>
      <trkpt lat="41.937313565094534" lon="-87.64429187921614">
        <ele>180.26831875893075</ele>
      </trkpt>
      <trkpt lat="41.93686403860085" lon="-87.64427714014134">
        <ele>180.31071466501152</ele>
      </trkpt>
      <trkpt lat="41.93641451210717" lon="-87.64426240106654">
        <ele>180.29989829554566</ele>
      </trkpt>
      <trkpt lat="41.93596498561349" lon="-87.64424766199173">
        <ele>180.27377024261955</ele>
      </trkpt>
      <trkpt lat="41.935515459119806" lon="-87.64423292291693">
        <ele>180.35727606979592</ele>
      </trkpt>
      <trkpt lat="41.935065932626124" lon="-87.64421818384213">
        <ele>180.44134697381537</ele>
      </trkpt>
      <trkpt lat="41.934616406132434" lon="-87.64420344476733">
        <ele>180.56524522559556</ele>
      </trkpt>
      <trkpt lat="41.93450057141007" lon="-87.64419964677842">
        <ele>180.63589577673673</ele>
      </trkpt>
      <trkpt lat="41.934219553083665" lon="-87.6442817680905">
        <ele>180.88152225527435</ele>
      </trkpt>
      <trkpt lat="41.93381317816278" lon="-87.64454052522804">
        <ele>181.42641189476194</ele>
      </trkpt>
      <trkpt lat="41.93375525922406" lon="-87.64457740481392">
        <ele>181.51522011258953</ele>
      </trkpt>
      <trkpt lat="41.93332498812994" lon="-87.64475298507328">
        <ele>182.28294201698844</ele>
      </trkpt>
      <trkpt lat="41.933071030532744" lon="-87.64485661727491">
        <ele>182.5261909652633</ele>
      </trkpt>
      <trkpt lat="41.93276556892536" lon="-87.64490589006216">
        <ele>182.61473193177036</ele>
      </trkpt>
      <trkpt lat="41.93232170689744" lon="-87.64480913711132">
        <ele>182.8711726367713</ele>
      </trkpt>
      <trkpt lat="41.9323134830442" lon="-87.64480734447754">
        <ele>182.8711560042748</ele>
      </trkpt>
      <trkpt lat="41.93189793292509" lon="-87.64457642541394">
        <ele>182.98305190743622</ele>
      </trkpt>
      <trkpt lat="41.93148238280598" lon="-87.64434550635035">
        <ele>182.92589579060336</ele>
      </trkpt>
      <trkpt lat="41.93106683268688" lon="-87.64411458728675">
        <ele>182.91129404292334</ele>
      </trkpt>
      <trkpt lat="41.93065128256777" lon="-87.64388366822314">
        <ele>182.90121010075447</ele>
      </trkpt>
      <trkpt lat="41.930235732448665" lon="-87.64365274915954">
        <ele>182.90295026149738</ele>
      </trkpt>
      <trkpt lat="41.930126319702026" lon="-87.64359194905906">
        <ele>182.9051521256375</ele>
      </trkpt>
      <trkpt lat="41.92984965689716" lon="-87.64311548124941">
        <ele>183.03260927612175</ele>
      </trkpt>
      <trkpt lat="41.929735310532294" lon="-87.6429185543006">
        <ele>183.08494694350867</ele>
      </trkpt>
      <trkpt lat="41.92932215117104" lon="-87.6426800189865">
        <ele>183.30377285911803</ele>
      </trkpt>
      <trkpt lat="41.928908991809784" lon="-87.64244148367237">
        <ele>183.36224653087658</ele>
      </trkpt>
      <trkpt lat="41.92849583244853" lon="-87.64220294835826">
        <ele>183.35880891140664</ele>
      </trkpt>
      <trkpt lat="41.928082673087275" lon="-87.64196441304415">
        <ele>183.36833732830758</ele>
      </trkpt>
      <trkpt lat="41.927914642518544" lon="-87.64186740150755">
        <ele>183.37196716424933</ele>
      </trkpt>
      <trkpt lat="41.92750580437337" lon="-87.64161578197941">
        <ele>183.42417069988272</ele>
      </trkpt>
      <trkpt lat="41.92709696622819" lon="-87.64136416245127">
        <ele>183.51676099968748</ele>
      </trkpt>
      <trkpt lat="41.92668812808302" lon="-87.64111254292312">
        <ele>183.42539619822116</ele>
      </trkpt>
      <trkpt lat="41.926279289937845" lon="-87.640860923395">
        <ele>183.39835491447622</ele>
      </trkpt>
      <trkpt lat="41.92587045179267" lon="-87.64060930386685">
        <ele>183.3575194837496</ele>
      </trkpt>
      <trkpt lat="41.92559290995098" lon="-87.64043849067814">
        <ele>183.22082863422736</ele>
      </trkpt>
      <trkpt lat="41.92518251973142" lon="-87.64019148938806">
        <ele>183.40773575982604</ele>
      </trkpt>
      <trkpt lat="41.92477212951186" lon="-87.639944488098">
        <ele>183.5111331745788</ele>
      </trkpt>
      <trkpt lat="41.9243617392923" lon="-87.63969748680792">
        <ele>183.57048891965093</ele>
      </trkpt>
      <trkpt lat="41.923951349072745" lon="-87.63945048551784">
        <ele>183.55262806812064</ele>
      </trkpt>
      <trkpt lat="41.92354095885319" lon="-87.63920348422776">
        <ele>183.71615902226856</ele>
      </trkpt>
      <trkpt lat="41.923130568633624" lon="-87.6389564829377">
        <ele>183.73444470122033</ele>
      </trkpt>
      <trkpt lat="41.92272017841407" lon="-87.63870948164762">
        <ele>183.63506933552338</ele>
      </trkpt>
      <trkpt lat="41.92230978819451" lon="-87.63846248035755">
        <ele>183.66700756595364</ele>
      </trkpt>
      <trkpt lat="41.92196350609245" lon="-87.63825406377777">
        <ele>183.62903595855744</ele>
      </trkpt>
      <trkpt lat="41.92196350609245" lon="-87.6388584006711">
        <ele>183.3873493528829</ele>
      </trkpt>
      <trkpt lat="41.92196350609245" lon="-87.63896030706148">
        <ele>183.2730581326555</ele>
      </trkpt>
      <trkpt lat="41.92151415400257" lon="-87.63893794018541">
        <ele>183.18901757306963</ele>
      </trkpt>
      <trkpt lat="41.92106480191269" lon="-87.63891557330935">
        <ele>183.16993169596898</ele>
      </trkpt>
      <trkpt lat="41.920615449822805" lon="-87.63889320643328">
        <ele>183.03962080544287</ele>
      </trkpt>
      <trkpt lat="41.920166097732924" lon="-87.63887083955723">
        <ele>182.91502229136415</ele>
      </trkpt>
      <trkpt lat="41.91971674564304" lon="-87.63884847268116">
        <ele>183.00942377255936</ele>
      </trkpt>
      <trkpt lat="41.91926739355316" lon="-87.6388261058051">
        <ele>182.8256700600813</ele>
      </trkpt>
      <trkpt lat="41.918818041463275" lon="-87.63880373892903">
        <ele>182.84015252855738</ele>
      </trkpt>
      <trkpt lat="41.918368689373395" lon="-87.63878137205296">
        <ele>182.7002394460199</ele>
      </trkpt>
      <trkpt lat="41.91833389577209" lon="-87.63877964017236">
        <ele>182.6785059243267</ele>
      </trkpt>
      <trkpt lat="41.91788431398654" lon="-87.63876835699082">
        <ele>182.46955384461944</ele>
      </trkpt>
      <trkpt lat="41.91743473220099" lon="-87.63875707380929">
        <ele>182.17591283395106</ele>
      </trkpt>
      <trkpt lat="41.916985150415435" lon="-87.63874579062775">
        <ele>181.92233435524605</ele>
      </trkpt>
      <trkpt lat="41.91653556862988" lon="-87.63873450744622">
        <ele>181.75034081697797</ele>
      </trkpt>
      <trkpt lat="41.91608598684434" lon="-87.63872322426468">
        <ele>181.85240109954975</ele>
      </trkpt>
      <trkpt lat="41.915636405058784" lon="-87.63871194108314">
        <ele>181.79928345690843</ele>
      </trkpt>
      <trkpt lat="41.91518682327323" lon="-87.63870065790161">
        <ele>181.62393241471352</ele>
      </trkpt>
      <trkpt lat="41.91473724148768" lon="-87.63868937472007">
        <ele>181.67422333150301</ele>
      </trkpt>
      <trkpt lat="41.914287659702126" lon="-87.63867809153854">
        <ele>181.61391923840526</ele>
      </trkpt>
      <trkpt lat="41.91383807791657" lon="-87.638666808357">
        <ele>181.5292294404436</ele>
      </trkpt>
      <trkpt lat="41.91338849613102" lon="-87.63865552517547">
        <ele>181.38510373929492</ele>
      </trkpt>
      <trkpt lat="41.91293891434547" lon="-87.63864424199393">
        <ele>181.24299693799315</ele>
      </trkpt>
      <trkpt lat="41.912489332559915" lon="-87.6386329588124">
        <ele>181.32527311372132</ele>
      </trkpt>
      <trkpt lat="41.91203975077436" lon="-87.63862167563086">
        <ele>181.31200043986254</ele>
      </trkpt>
      <trkpt lat="41.911590168988816" lon="-87.63861039244932">
        <ele>181.2869798271364</ele>
      </trkpt>
      <trkpt lat="41.91114058720326" lon="-87.63859910926779">
        <ele>181.27947889617687</ele>
      </trkpt>
      <trkpt lat="41.91113516901021" lon="-87.63859897328706">
        <ele>181.2781250616183</ele>
      </trkpt>
      <trkpt lat="41.91068566809126" lon="-87.6385828938037">
        <ele>181.14323206056153</ele>
      </trkpt>
      <trkpt lat="41.91023616717232" lon="-87.63856681432034">
        <ele>181.00158457420946</ele>
      </trkpt>
      <trkpt lat="41.909786666253375" lon="-87.63855073483698">
        <ele>180.92754027310517</ele>
      </trkpt>
      <trkpt lat="41.90933716533443" lon="-87.63853465535362">
        <ele>180.86468707816204</ele>
      </trkpt>
      <trkpt lat="41.90888766441549" lon="-87.63851857587028">
        <ele>180.81567085537202</ele>
      </trkpt>
      <trkpt lat="41.90843816349654" lon="-87.63850249638692">
        <ele>180.74531605533525</ele>
      </trkpt>
      <trkpt lat="41.9079886625776" lon="-87.63848641690356">
        <ele>180.80254838039886</ele>
      </trkpt>
      <trkpt lat="41.907539161658654" lon="-87.6384703374202">
        <ele>180.83361566724219</ele>
      </trkpt>
      <trkpt lat="41.90708966073971" lon="-87.63845425793684">
        <ele>180.84661492641433</ele>
      </trkpt>
      <trkpt lat="41.90664015982077" lon="-87.63843817845348">
        <ele>180.7428721448032</ele>
      </trkpt>
      <trkpt lat="41.90619065890182" lon="-87.63842209897012">
        <ele>180.78508989483328</ele>
      </trkpt>
      <trkpt lat="41.905741157982874" lon="-87.63840601948677">
        <ele>180.68065472713937</ele>
      </trkpt>
      <trkpt lat="41.905291657063934" lon="-87.63838994000342">
        <ele>180.75066037567277</ele>
      </trkpt>
      <trkpt lat="41.90484215614499" lon="-87.63837386052006">
        <ele>180.7387530367048</ele>
      </trkpt>
      <trkpt lat="41.90439265522604" lon="-87.6383577810367">
        <ele>180.7523281411097</ele>
      </trkpt>
      <trkpt lat="41.9039431543071" lon="-87.63834170155334">
        <ele>180.65406702700324</ele>
      </trkpt>
      <trkpt lat="41.90378894197178" lon="-87.63833618509148">
        <ele>180.62947681895366</ele>
      </trkpt>
      <trkpt lat="41.90380227348479" lon="-87.63773228543816">
        <ele>180.64214305467095</ele>
      </trkpt>
      <trkpt lat="41.90381560499781" lon="-87.63712838578483">
        <ele>180.74414657702656</ele>
      </trkpt>
      <trkpt lat="41.90382893651082" lon="-87.63652448613152">
        <ele>180.85467599231484</ele>
      </trkpt>
      <trkpt lat="41.90384226802384" lon="-87.63592058647819">
        <ele>180.84369264213643</ele>
      </trkpt>
      <trkpt lat="41.90385559953685" lon="-87.63531668682488">
        <ele>180.84911678956746</ele>
      </trkpt>
      <trkpt lat="41.90386893104986" lon="-87.63471278717155">
        <ele>180.8516547252405</ele>
      </trkpt>
      <trkpt lat="41.90387451019987" lon="-87.63446005916134">
        <ele>180.91530824692717</ele>
      </trkpt>
      <trkpt lat="41.90342497741854" lon="-87.63444567886104">
        <ele>180.95990568935778</ele>
      </trkpt>
      <trkpt lat="41.902975444637214" lon="-87.63443129856073">
        <ele>180.77195000341464</ele>
      </trkpt>
      <trkpt lat="41.90252591185588" lon="-87.63441691826043">
        <ele>180.84271273711212</ele>
      </trkpt>
      <trkpt lat="41.90207637907456" lon="-87.63440253796013">
        <ele>180.81941700698374</ele>
      </trkpt>
      <trkpt lat="41.901626846293226" lon="-87.63438815765983">
        <ele>180.8259657654684</ele>
      </trkpt>
      <trkpt lat="41.9011773135119" lon="-87.63437377735951">
        <ele>180.84121762993306</ele>
      </trkpt>
      <trkpt lat="41.90072778073057" lon="-87.63435939705921">
        <ele>180.75337092987138</ele>
      </trkpt>
      <trkpt lat="41.900278247949245" lon="-87.63434501675891">
        <ele>180.77353299354462</ele>
      </trkpt>
      <trkpt lat="41.899828715167914" lon="-87.6343306364586">
        <ele>180.7555671612365</ele>
      </trkpt>
      <trkpt lat="41.89937918238658" lon="-87.6343162561583">
        <ele>180.82755051389685</ele>
      </trkpt>
      <trkpt lat="41.8992536610167" lon="-87.63431224080043">
        <ele>180.78905984701487</ele>
      </trkpt>
      <trkpt lat="41.89880413646103" lon="-87.63429740511381">
        <ele>180.84011326515002</ele>
      </trkpt>
      <trkpt lat="41.89835461190536" lon="-87.63428256942721">
        <ele>180.76607167808748</ele>
      </trkpt>
      <trkpt lat="41.89790508734969" lon="-87.6342677337406">
        <ele>180.78327273300556</ele>
      </trkpt>
      <trkpt lat="41.89745556279402" lon="-87.63425289805399">
        <ele>180.76728213644174</ele>
      </trkpt>
      <trkpt lat="41.89700603823835" lon="-87.63423806236739">
        <ele>180.76172158552393</ele>
      </trkpt>
      <trkpt lat="41.896556513682675" lon="-87.63422322668077">
        <ele>180.79258852886065</ele>
      </trkpt>
      <trkpt lat="41.896106989127006" lon="-87.63420839099416">
        <ele>180.8629348405084</ele>
      </trkpt>
      <trkpt lat="41.895657464571336" lon="-87.63419355530756">
        <ele>180.7748458637185</ele>
      </trkpt>
      <trkpt lat="41.895207940015666" lon="-87.63417871962095">
        <ele>180.83364571701412</ele>
      </trkpt>
      <trkpt lat="41.89475841546" lon="-87.63416388393433">
        <ele>180.68619770139884</ele>
      </trkpt>
      <trkpt lat="41.89430889090433" lon="-87.63414904824774">
        <ele>180.79076418125868</ele>
      </trkpt>
      <trkpt lat="41.89385936634866" lon="-87.63413421256112">
        <ele>180.73256314786067</ele>
      </trkpt>
      <trkpt lat="41.89340984179299" lon="-87.63411937687451">
        <ele>180.75301321444158</ele>
      </trkpt>
      <trkpt lat="41.89296031723732" lon="-87.63410454118791">
        <ele>180.8391600251137</ele>
      </trkpt>
      <trkpt lat="41.89251079268165" lon="-87.6340897055013">
        <ele>180.82351019574895</ele>
      </trkpt>
      <trkpt lat="41.89206126812598" lon="-87.63407486981468">
        <ele>180.87905127891412</ele>
      </trkpt>
      <trkpt lat="41.8916117435703" lon="-87.63406003412808">
        <ele>180.8246687655324</ele>
      </trkpt>
      <trkpt lat="41.89116221901463" lon="-87.63404519844147">
        <ele>180.87492079855065</ele>
      </trkpt>
      <trkpt lat="41.89079346223582" lon="-87.63403302833878">
        <ele>180.85043470852222</ele>
      </trkpt>
      <trkpt lat="41.890343822188846" lon="-87.6340273122833">
        <ele>181.0285967471124</ele>
      </trkpt>
      <trkpt lat="41.88989418214187" lon="-87.6340215962278">
        <ele>181.105865779058</ele>
      </trkpt>
      <trkpt lat="41.8894445420949" lon="-87.63401588017231">
        <ele>181.35032347684347</ele>
      </trkpt>
      <trkpt lat="41.888994902047926" lon="-87.63401016411683">
        <ele>180.6983564715089</ele>
      </trkpt>
      <trkpt lat="41.88854526200095" lon="-87.63400444806133">
        <ele>181.22847820280856</ele>
      </trkpt>
      <trkpt lat="41.88809562195398" lon="-87.63399873200585">
        <ele>183.12136944073237</ele>
      </trkpt>
      <trkpt lat="41.887645981907006" lon="-87.63399301595037">
        <ele>175.59375</ele>
      </trkpt>
      <trkpt lat="41.88719634186003" lon="-87.63398729989487">
        <ele>179.54721593754718</ele>
      </trkpt>
      <trkpt lat="41.886917534482194" lon="-87.63398375555212">
        <ele>182.68018029982153</ele>
      </trkpt>
      <trkpt lat="41.88689081628559" lon="-87.63458669333967">
        <ele>182.7610965449569</ele>
      </trkpt>
      <trkpt lat="41.886864098088985" lon="-87.63518963112722">
        <ele>182.76986962828758</ele>
      </trkpt>
      <trkpt lat="41.88685639809097" lon="-87.63536339359473">
        <ele>182.76558309536952</ele>
      </trkpt>
      <trkpt lat="41.88658532805435" lon="-87.63584530762728">
        <ele>182.82610619019385</ele>
      </trkpt>
      <trkpt lat="41.88644066908131" lon="-87.63610248540284">
        <ele>182.78786686572718</ele>
      </trkpt>
      <trkpt lat="41.886130965873015" lon="-87.63654038401452">
        <ele>182.626636710523</ele>
      </trkpt>
      <trkpt lat="41.885976027575055" lon="-87.63675945589932">
        <ele>182.52936930353044</ele>
      </trkpt>
      <trkpt lat="41.885538536741244" lon="-87.63689902223007">
        <ele>181.49528094465887</ele>
      </trkpt>
      <trkpt lat="41.88548692751493" lon="-87.6369154863701">
        <ele>181.30723221564807</ele>
      </trkpt>
      <trkpt lat="41.88503837475429" lon="-87.63695784942979">
        <ele>182.3804887658549</ele>
      </trkpt>
      <trkpt lat="41.884589821993636" lon="-87.63700021248948">
        <ele>182.72276247144885</ele>
      </trkpt>
      <trkpt lat="41.88414126923299" lon="-87.63704257554917">
        <ele>182.85545448054734</ele>
      </trkpt>
      <trkpt lat="41.8839217824403" lon="-87.63706330473181">
        <ele>182.9174780587805</ele>
      </trkpt>
      <trkpt lat="41.88347229807005" lon="-87.63704641710854">
        <ele>182.90228321174808</ele>
      </trkpt>
      <trkpt lat="41.88302281369982" lon="-87.63702952948525">
        <ele>182.92774207447883</ele>
      </trkpt>
      <trkpt lat="41.882573329329574" lon="-87.63701264186197">
        <ele>182.76550916774454</ele>
      </trkpt>
      <trkpt lat="41.88217317658277" lon="-87.63699760768216">
        <ele>182.89467412056064</ele>
      </trkpt>
      <trkpt lat="41.881723533549106" lon="-87.63699233323547">
        <ele>181.39436247231447</ele>
      </trkpt>
      <trkpt lat="41.88127389051545" lon="-87.63698705878878">
        <ele>182.26273273537706</ele>
      </trkpt>
      <trkpt lat="41.88082424748179" lon="-87.63698178434208">
        <ele>182.81018545442106</ele>
      </trkpt>
      <trkpt lat="41.88037460444813" lon="-87.63697650989538">
        <ele>182.88328094662052</ele>
      </trkpt>
      <trkpt lat="41.879924961414474" lon="-87.63697123544868">
        <ele>183.14919495459338</ele>
      </trkpt>
      <trkpt lat="41.87947531838081" lon="-87.63696596100199">
        <ele>182.8010493052716</ele>
      </trkpt>
      <trkpt lat="41.879372861932126" lon="-87.63696475915734">
        <ele>182.79326657416317</ele>
      </trkpt>
      <trkpt lat="41.879364497608236" lon="-87.63756858814709">
        <ele>183.05704976508935</ele>
      </trkpt>
      <trkpt lat="41.87935613328434" lon="-87.63817241713684">
        <ele>175.59375000000003</ele>
      </trkpt>
      <trkpt lat="41.87934776896045" lon="-87.63877624612661">
        <ele>185.1216558853988</ele>
      </trkpt>
      <trkpt lat="41.87933940463656" lon="-87.63938007511636">
        <ele>184.71344790215863</ele>
      </trkpt>
      <trkpt lat="41.879331040312664" lon="-87.63998390410612">
        <ele>183.97774235532245</ele>
      </trkpt>
      <trkpt lat="41.879322675988774" lon="-87.64058773309587">
        <ele>182.36374029698285</ele>
      </trkpt>
      <trkpt lat="41.87931431166488" lon="-87.64119156208562">
        <ele>180.79825219629194</ele>
      </trkpt>
      <trkpt lat="41.87930594734099" lon="-87.64179539107538">
        <ele>180.8049018083845</ele>
      </trkpt>
      <trkpt lat="41.8792975830171" lon="-87.64239922006514">
        <ele>180.77510976995126</ele>
      </trkpt>
      <trkpt lat="41.8792892186932" lon="-87.6430030490549">
        <ele>180.77629899548478</ele>
      </trkpt>
      <trkpt lat="41.87928085436931" lon="-87.64360687804465">
        <ele>180.6391575858395</ele>
      </trkpt>
      <trkpt lat="41.87927503212154" lon="-87.64402719199177">
        <ele>180.8052910201671</ele>
      </trkpt>
      <trkpt lat="41.879263680683735" lon="-87.6446309322548">
        <ele>180.8365314814443</ele>
      </trkpt>
      <trkpt lat="41.87925232924592" lon="-87.64523467251782">
        <ele>178.96909396756212</ele>
      </trkpt>
      <trkpt lat="41.87924097780812" lon="-87.64583841278085">
        <ele>176.18382711644</ele>
      </trkpt>
      <trkpt lat="41.879229626370304" lon="-87.64644215304388">
        <ele>180.65390315520185</ele>
      </trkpt>
      <trkpt lat="41.8792182749325" lon="-87.64704589330691">
        <ele>180.76626371260312</ele>
      </trkpt>
      <trkpt lat="41.87921388840962" lon="-87.64727919595259">
        <ele>180.81570245337645</ele>
      </trkpt>
      <trkpt lat="41.87920408271787" lon="-87.64788298403063">
        <ele>180.8823061891791</ele>
      </trkpt>
      <trkpt lat="41.87919427702611" lon="-87.64848677210867">
        <ele>180.75371875167036</ele>
      </trkpt>
      <trkpt lat="41.879184471334355" lon="-87.6490905601867">
        <ele>180.76919069310432</ele>
      </trkpt>
      <trkpt lat="41.8791746656426" lon="-87.64969434826476">
        <ele>180.7345220742848</ele>
      </trkpt>
      <trkpt lat="41.87916485995084" lon="-87.6502981363428">
        <ele>180.8335659280759</ele>
      </trkpt>
      <trkpt lat="41.87915505425909" lon="-87.65090192442084">
        <ele>180.83445111818838</ele>
      </trkpt>
      <trkpt lat="41.87914524856733" lon="-87.65150571249887">
        <ele>180.9390912184857</ele>
      </trkpt>
      <trkpt lat="41.87913544287557" lon="-87.65210950057691">
        <ele>180.84073404675885</ele>
      </trkpt>
      <trkpt lat="41.87912563718382" lon="-87.65271328865495">
        <ele>180.95924386176287</ele>
      </trkpt>
      <trkpt lat="41.879115831492065" lon="-87.65331707673299">
        <ele>181.07311450349687</ele>
      </trkpt>
      <trkpt lat="41.879106025800304" lon="-87.65392086481104">
        <ele>181.21797074966528</ele>
      </trkpt>
      <trkpt lat="41.87909622010855" lon="-87.65452465288908">
        <ele>181.17704677023096</ele>
      </trkpt>
      <trkpt lat="41.8790864144168" lon="-87.65512844096712">
        <ele>181.22982175888188</ele>
      </trkpt>
      <trkpt lat="41.879076608725036" lon="-87.65573222904516">
        <ele>181.33740286795117</ele>
      </trkpt>
      <trkpt lat="41.87906680303328" lon="-87.6563360171232">
        <ele>181.20162286585088</ele>
      </trkpt>
      <trkpt lat="41.87905699734153" lon="-87.65693980520123">
        <ele>181.16010632205118</ele>
      </trkpt>
      <trkpt lat="41.87905491450607" lon="-87.65706805634848">
        <ele>181.1408331159207</ele>
      </trkpt>
      <trkpt lat="41.879045739678084" lon="-87.65767186086887">
        <ele>181.17174198601114</ele>
      </trkpt>
      <trkpt lat="41.879036564850104" lon="-87.65827566538925">
        <ele>181.20933066338162</ele>
      </trkpt>
      <trkpt lat="41.87902739002212" lon="-87.65887946990965">
        <ele>181.15881370831954</ele>
      </trkpt>
      <trkpt lat="41.87901821519413" lon="-87.65948327443004">
        <ele>181.0762991714162</ele>
      </trkpt>
      <trkpt lat="41.87900904036615" lon="-87.66008707895043">
        <ele>181.16543476547295</ele>
      </trkpt>
      <trkpt lat="41.87899986553816" lon="-87.66069088347082">
        <ele>181.17755322005712</ele>
      </trkpt>
      <trkpt lat="41.878990690710175" lon="-87.66129468799122">
        <ele>181.15390260285736</ele>
      </trkpt>
      <trkpt lat="41.878981515882195" lon="-87.66189849251161">
        <ele>181.09931348081813</ele>
      </trkpt>
      <trkpt lat="41.87897234105421" lon="-87.66250229703199">
        <ele>181.1931714569884</ele>
      </trkpt>
      <trkpt lat="41.87896316622622" lon="-87.66310610155239">
        <ele>181.16198682452176</ele>
      </trkpt>
      <trkpt lat="41.87895399139824" lon="-87.66370990607278">
        <ele>181.15120513507907</ele>
      </trkpt>
      <trkpt lat="41.878944816570254" lon="-87.66431371059316">
        <ele>181.1245634735115</ele>
      </trkpt>
      <trkpt lat="41.87893564174227" lon="-87.66491751511356">
        <ele>181.24624505844764</ele>
      </trkpt>
      <trkpt lat="41.87892646691428" lon="-87.66552131963395">
        <ele>181.301458100255</ele>
      </trkpt>
      <trkpt lat="41.8789172920863" lon="-87.66612512415433">
        <ele>181.20437804148148</ele>
      </trkpt>
      <trkpt lat="41.878908169013044" lon="-87.6667255226446">
        <ele>181.0171134183443</ele>
      </trkpt>
      <trkpt lat="41.87845859038" lon="-87.66671402142629">
        <ele>180.97619750897803</ele>
      </trkpt>
      <trkpt lat="41.878009011746954" lon="-87.66670252020798">
        <ele>180.82296816632305</ele>
      </trkpt>
      <trkpt lat="41.87762413157532" lon="-87.66669267411977">
        <ele>180.7327208764473</ele>
      </trkpt>
      <trkpt lat="41.877634908004104" lon="-87.66608892975253">
        <ele>180.76344061319105</ele>
      </trkpt>
      <trkpt lat="41.87764568443289" lon="-87.66548518538531">
        <ele>180.82959603829246</ele>
      </trkpt>
      <trkpt lat="41.87765646086167" lon="-87.66488144101807">
        <ele>180.8973551253467</ele>
      </trkpt>
      <trkpt lat="41.87766723729046" lon="-87.66427769665084">
        <ele>180.83293671733102</ele>
      </trkpt>
      <trkpt lat="41.87767801371925" lon="-87.6636739522836">
        <ele>180.86541598100064</ele>
      </trkpt>
      <trkpt lat="41.877688790148035" lon="-87.66307020791638">
        <ele>180.89841533597354</ele>
      </trkpt>
      <trkpt lat="41.87769956657682" lon="-87.66246646354914">
        <ele>180.8390910289302</ele>
      </trkpt>
      <trkpt lat="41.87770973487352" lon="-87.66189678949675">
        <ele>180.74769417532912</ele>
      </trkpt>
      <trkpt lat="41.87772005222635" lon="-87.66129302945052">
        <ele>180.78752041194292</ele>
      </trkpt>
      <trkpt lat="41.87773036957918" lon="-87.66068926940429">
        <ele>180.7475020340197</ele>
      </trkpt>
      <trkpt lat="41.87774068693201" lon="-87.66008550935805">
        <ele>180.80078981502947</ele>
      </trkpt>
      <trkpt lat="41.87775100428484" lon="-87.65948174931182">
        <ele>180.80170795302425</ele>
      </trkpt>
      <trkpt lat="41.87776132163767" lon="-87.65887798926559">
        <ele>180.81394305076978</ele>
      </trkpt>
      <trkpt lat="41.8777716389905" lon="-87.65827422921936">
        <ele>180.97760610195093</ele>
      </trkpt>
      <trkpt lat="41.87778195634333" lon="-87.65767046917313">
        <ele>180.82236541637536</ele>
      </trkpt>
      <trkpt lat="41.87779227369616" lon="-87.6570667091269">
        <ele>180.89426854026817</ele>
      </trkpt>
      <trkpt lat="41.87780259104899" lon="-87.65646294908068">
        <ele>180.87170822178297</ele>
      </trkpt>
      <trkpt lat="41.87781290840182" lon="-87.65585918903444">
        <ele>180.75110769624914</ele>
      </trkpt>
      <trkpt lat="41.87782322575465" lon="-87.65525542898821">
        <ele>180.81595558905508</ele>
      </trkpt>
      <trkpt lat="41.87783354310748" lon="-87.65465166894198">
        <ele>180.8390178280676</ele>
      </trkpt>
      <trkpt lat="41.87784386046031" lon="-87.65404790889575">
        <ele>180.76463380812044</ele>
      </trkpt>
      <trkpt lat="41.87785417781314" lon="-87.65344414884952">
        <ele>180.7992767042888</ele>
      </trkpt>
      <trkpt lat="41.87786449516597" lon="-87.65284038880328">
        <ele>180.8195106089339</ele>
      </trkpt>
      <trkpt lat="41.8778748125188" lon="-87.65223662875705">
        <ele>180.80780758666214</ele>
      </trkpt>
      <trkpt lat="41.87788094112656" lon="-87.65187798942712">
        <ele>180.8694659628496</ele>
      </trkpt>
      <trkpt lat="41.877890280735556" lon="-87.65127419952492">
        <ele>180.8851922491721</ele>
      </trkpt>
      <trkpt lat="41.87789962034454" lon="-87.65067040962272">
        <ele>180.8113711354913</ele>
      </trkpt>
      <trkpt lat="41.87790895995354" lon="-87.65006661972052">
        <ele>180.82250968353316</ele>
      </trkpt>
      <trkpt lat="41.87791829956253" lon="-87.64946282981832">
        <ele>180.81528943026737</ele>
      </trkpt>
      <trkpt lat="41.87792763917152" lon="-87.64885903991612">
        <ele>180.83403659943474</ele>
      </trkpt>
      <trkpt lat="41.87793697878051" lon="-87.64825525001392">
        <ele>180.87109496102994</ele>
      </trkpt>
      <trkpt lat="41.877946318389505" lon="-87.64765146011172">
        <ele>180.89027503671286</ele>
      </trkpt>
      <trkpt lat="41.877952486998055" lon="-87.64725267001707">
        <ele>180.84781769318067</ele>
      </trkpt>
      <trkpt lat="41.87750296214901" lon="-87.64723785471654">
        <ele>180.84405146589108</ele>
      </trkpt>
      <trkpt lat="41.877053437299956" lon="-87.64722303941599">
        <ele>180.7996965984426</ele>
      </trkpt>
      <trkpt lat="41.87660391245091" lon="-87.64720822411546">
        <ele>180.788660788641</ele>
      </trkpt>
      <trkpt lat="41.876154387601865" lon="-87.64719340881491">
        <ele>175.61047002723396</ele>
      </trkpt>
      <trkpt lat="41.87570486275281" lon="-87.64717859351438">
        <ele>172.83325258097267</ele>
      </trkpt>
      <trkpt lat="41.875255337903766" lon="-87.64716377821384">
        <ele>175.5664031532957</ele>
      </trkpt>
      <trkpt lat="41.87480581305472" lon="-87.6471489629133">
        <ele>179.78554108881661</ele>
      </trkpt>
      <trkpt lat="41.87472057236823" lon="-87.6471461535772">
        <ele>180.59240947750763</ele>
      </trkpt>
      <trkpt lat="41.8742709688222" lon="-87.6471365693229">
        <ele>180.97369698991915</ele>
      </trkpt>
      <trkpt lat="41.87382136527617" lon="-87.64712698506858">
        <ele>180.89548340033332</ele>
      </trkpt>
      <trkpt lat="41.873471383660785" lon="-87.64711952446727">
        <ele>180.88805537573657</ele>
      </trkpt>
      <trkpt lat="41.87302179414221" lon="-87.647108819324">
        <ele>180.90879915924307</ele>
      </trkpt>
      <trkpt lat="41.87257220462364" lon="-87.64709811418074">
        <ele>180.8754989819553</ele>
      </trkpt>
      <trkpt lat="41.87212261510506" lon="-87.64708740903745">
        <ele>180.87676540630076</ele>
      </trkpt>
      <trkpt lat="41.871673025586496" lon="-87.64707670389419">
        <ele>180.90858035468418</ele>
      </trkpt>
      <trkpt lat="41.87122343606792" lon="-87.64706599875092">
        <ele>180.95041827162441</ele>
      </trkpt>
      <trkpt lat="41.87077384654935" lon="-87.64705529360765">
        <ele>181.0030349019131</ele>
      </trkpt>
      <trkpt lat="41.87067549189538" lon="-87.64705295169215">
        <ele>180.99727566283036</ele>
      </trkpt>
      <trkpt lat="41.87022585419484" lon="-87.64705898986125">
        <ele>180.86829674595978</ele>
      </trkpt>
      <trkpt lat="41.86977621649431" lon="-87.64706502803035">
        <ele>180.88453277206006</ele>
      </trkpt>
      <trkpt lat="41.86968401154223" lon="-87.64706626624746">
        <ele>180.88229066576423</ele>
      </trkpt>
      <trkpt lat="41.869657520312174" lon="-87.64766905897439">
        <ele>180.81608864942717</ele>
      </trkpt>
      <trkpt lat="41.86963102908211" lon="-87.64827185170132">
        <ele>180.79294793305834</ele>
      </trkpt>
      <trkpt lat="41.86960453785205" lon="-87.64887464442825">
        <ele>180.77398283042643</ele>
      </trkpt>
      <trkpt lat="41.86957804662198" lon="-87.64947743715518">
        <ele>180.8000867119739</ele>
      </trkpt>
      <trkpt lat="41.86955155539192" lon="-87.65008022988211">
        <ele>180.8275750901015</ele>
      </trkpt>
      <trkpt lat="41.86952506416186" lon="-87.65068302260904">
        <ele>180.74144583128157</ele>
      </trkpt>
      <trkpt lat="41.86950554343636" lon="-87.65112720550759">
        <ele>180.8286300141592</ele>
      </trkpt>
      <trkpt lat="41.86949604569276" lon="-87.65173091108777">
        <ele>180.83063016324934</ele>
      </trkpt>
      <trkpt lat="41.86948654794916" lon="-87.65233461666794">
        <ele>180.78342378112058</ele>
      </trkpt>
      <trkpt lat="41.86947705020556" lon="-87.65293832224812">
        <ele>180.80316396589825</ele>
      </trkpt>
      <trkpt lat="41.86946755246196" lon="-87.65354202782831">
        <ele>180.71566702086332</ele>
      </trkpt>
      <trkpt lat="41.86945805471836" lon="-87.65414573340848">
        <ele>180.71869101803514</ele>
      </trkpt>
      <trkpt lat="41.86944855697476" lon="-87.65474943898866">
        <ele>180.79895010257616</ele>
      </trkpt>
      <trkpt lat="41.86943905923116" lon="-87.65535314456883">
        <ele>180.83499778950664</ele>
      </trkpt>
      <trkpt lat="41.869429561487564" lon="-87.65595685014901">
        <ele>180.76984166979597</ele>
      </trkpt>
      <trkpt lat="41.86942006374396" lon="-87.65656055572919">
        <ele>180.82050929645766</ele>
      </trkpt>
      <trkpt lat="41.8694163092014" lon="-87.65679920591728">
        <ele>180.82306024718375</ele>
      </trkpt>
      <trkpt lat="41.869406456002174" lon="-87.65740290042821">
        <ele>180.84673057350207</ele>
      </trkpt>
      <trkpt lat="41.86939660280295" lon="-87.65800659493915">
        <ele>180.7771749913318</ele>
      </trkpt>
      <trkpt lat="41.86938674960372" lon="-87.65861028945008">
        <ele>180.83114577358674</ele>
      </trkpt>
      <trkpt lat="41.869376896404496" lon="-87.65921398396101">
        <ele>180.79175854997587</ele>
      </trkpt>
      <trkpt lat="41.86936704320527" lon="-87.65981767847194">
        <ele>180.78586755274623</ele>
      </trkpt>
      <trkpt lat="41.86935719000605" lon="-87.66042137298288">
        <ele>180.8129054649459</ele>
      </trkpt>
      <trkpt lat="41.869347336806825" lon="-87.66102506749381">
        <ele>180.829754603958</ele>
      </trkpt>
      <trkpt lat="41.8693374836076" lon="-87.66162876200474">
        <ele>180.77474167345696</ele>
      </trkpt>
      <trkpt lat="41.869336989776656" lon="-87.66165901847504">
        <ele>180.78085783761566</ele>
      </trkpt>
      <trkpt lat="41.8693281970764" lon="-87.66226274181393">
        <ele>180.77558351802452</ele>
      </trkpt>
      <trkpt lat="41.86931940437615" lon="-87.66286646515283">
        <ele>180.80965754662807</ele>
      </trkpt>
      <trkpt lat="41.86931061167589" lon="-87.66347018849171">
        <ele>180.80608064729813</ele>
      </trkpt>
      <trkpt lat="41.869301818975636" lon="-87.66407391183061">
        <ele>180.75474211554388</ele>
      </trkpt>
      <trkpt lat="41.869293026275386" lon="-87.66467763516951">
        <ele>180.62107148588362</ele>
      </trkpt>
      <trkpt lat="41.86928423357513" lon="-87.66528135850841">
        <ele>180.40482744373764</ele>
      </trkpt>
      <trkpt lat="41.86927544087487" lon="-87.6658850818473">
        <ele>180.4134323743721</ele>
      </trkpt>
      <trkpt lat="41.86926696844026" lon="-87.66646681514504">
        <ele>180.19057691006074</ele>
      </trkpt>
      <trkpt lat="41.86881733795036" lon="-87.6664598761344">
        <ele>180.1735813230994</ele>
      </trkpt>
      <trkpt lat="41.86836770746046" lon="-87.66645293712374">
        <ele>180.20226786786105</ele>
      </trkpt>
      <trkpt lat="41.86791807697056" lon="-87.66644599811309">
        <ele>180.20571479150323</ele>
      </trkpt>
      <trkpt lat="41.867468446480665" lon="-87.66643905910243">
        <ele>180.25591450700412</ele>
      </trkpt>
      <trkpt lat="41.86701881599076" lon="-87.66643212009178">
        <ele>180.40672747625317</ele>
      </trkpt>
      <trkpt lat="41.86682615101566" lon="-87.6664291467518">
        <ele>180.37994240869352</ele>
      </trkpt>
      <trkpt lat="41.8663765837541" lon="-87.66641687259573">
        <ele>180.2591810805483</ele>
      </trkpt>
      <trkpt lat="41.865927016492556" lon="-87.66640459843967">
        <ele>180.25526560636027</ele>
      </trkpt>
      <trkpt lat="41.865477449231" lon="-87.6663923242836">
        <ele>180.22801120584415</ele>
      </trkpt>
      <trkpt lat="41.865027881969446" lon="-87.66638005012754">
        <ele>180.24148452572564</ele>
      </trkpt>
      <trkpt lat="41.8645783147079" lon="-87.66636777597148">
        <ele>180.22916209952754</ele>
      </trkpt>
      <trkpt lat="41.864128747446344" lon="-87.66635550181542">
        <ele>180.19260529575104</ele>
      </trkpt>
      <trkpt lat="41.863679180184796" lon="-87.66634322765935">
        <ele>180.19851831141386</ele>
      </trkpt>
      <trkpt lat="41.86322961292324" lon="-87.66633095350329">
        <ele>180.20114326858413</ele>
      </trkpt>
      <trkpt lat="41.86278004566169" lon="-87.66631867934723">
        <ele>180.17289537536087</ele>
      </trkpt>
      <trkpt lat="41.86233047840014" lon="-87.66630640519116">
        <ele>180.21679726259222</ele>
      </trkpt>
      <trkpt lat="41.861880911138584" lon="-87.6662941310351">
        <ele>180.1521218371789</ele>
      </trkpt>
      <trkpt lat="41.86146173587005" lon="-87.66628268664601">
        <ele>180.11411112797447</ele>
      </trkpt>
      <trkpt lat="41.86101220865502" lon="-87.6662680052408">
        <ele>179.66156803674212</ele>
      </trkpt>
      <trkpt lat="41.86056268143999" lon="-87.66625332383559">
        <ele>179.09017180718695</ele>
      </trkpt>
      <trkpt lat="41.860113154224955" lon="-87.66623864243037">
        <ele>180.10907616402005</ele>
      </trkpt>
      <trkpt lat="41.85966362700992" lon="-87.66622396102515">
        <ele>179.43756917671055</ele>
      </trkpt>
      <trkpt lat="41.85921409979489" lon="-87.66620927961995">
        <ele>180.1546117600631</ele>
      </trkpt>
      <trkpt lat="41.85876457257986" lon="-87.66619459821473">
        <ele>180.20544573062213</ele>
      </trkpt>
      <trkpt lat="41.858315045364826" lon="-87.66617991680951">
        <ele>180.3010207514672</ele>
      </trkpt>
      <trkpt lat="41.857865518149794" lon="-87.6661652354043">
        <ele>180.3805141085013</ele>
      </trkpt>
      <trkpt lat="41.85779265303384" lon="-87.66616285565452">
        <ele>180.3748300362258</ele>
      </trkpt>
      <trkpt lat="41.8578025604943" lon="-87.66555927173357">
        <ele>180.30511141658474</ele>
      </trkpt>
      <trkpt lat="41.85781246795475" lon="-87.66495568781264">
        <ele>180.36446127308295</ele>
      </trkpt>
      <trkpt lat="41.85782237541521" lon="-87.66435210389169">
        <ele>180.4687518300415</ele>
      </trkpt>
      <trkpt lat="41.85783228287566" lon="-87.66374851997075">
        <ele>180.40103204112305</ele>
      </trkpt>
      <trkpt lat="41.85784219033612" lon="-87.6631449360498">
        <ele>180.01733006981055</ele>
      </trkpt>
      <trkpt lat="41.85785209779658" lon="-87.66254135212887">
        <ele>180.52806845779526</ele>
      </trkpt>
      <trkpt lat="41.85786200525703" lon="-87.66193776820792">
        <ele>180.5328556156985</ele>
      </trkpt>
      <trkpt lat="41.85787191271749" lon="-87.66133418428699">
        <ele>180.50413602500913</ele>
      </trkpt>
      <trkpt lat="41.85787198678051" lon="-87.6613296722077">
        <ele>180.50551965009058</ele>
      </trkpt>
      <trkpt lat="41.857882950841365" lon="-87.66072612042387">
        <ele>180.4742621611715</ele>
      </trkpt>
      <trkpt lat="41.85789391490222" lon="-87.66012256864003">
        <ele>180.39283936770266</ele>
      </trkpt>
      <trkpt lat="41.857904878963076" lon="-87.65951901685621">
        <ele>180.41083112817745</ele>
      </trkpt>
      <trkpt lat="41.85791584302393" lon="-87.65891546507238">
        <ele>180.442420014386</ele>
      </trkpt>
      <trkpt lat="41.85792680708479" lon="-87.65831191328854">
        <ele>180.41158414514894</ele>
      </trkpt>
      <trkpt lat="41.85793777114564" lon="-87.65770836150472">
        <ele>180.41839163136586</ele>
      </trkpt>
      <trkpt lat="41.8579487352065" lon="-87.65710480972089">
        <ele>180.46555403522052</ele>
      </trkpt>
      <trkpt lat="41.85795969926735" lon="-87.65650125793705">
        <ele>180.4684957184379</ele>
      </trkpt>
      <trkpt lat="41.85796123712893" lon="-87.65641660142943">
        <ele>180.48817481296928</ele>
      </trkpt>
      <trkpt lat="41.857969562741744" lon="-87.65581297280198">
        <ele>180.28365584434155</ele>
      </trkpt>
      <trkpt lat="41.85797788835456" lon="-87.65520934417455">
        <ele>180.45033550833548</ele>
      </trkpt>
      <trkpt lat="41.85798621396737" lon="-87.6546057155471">
        <ele>180.36488970724704</ele>
      </trkpt>
      <trkpt lat="41.85799453958018" lon="-87.65400208691968">
        <ele>180.39166238054577</ele>
      </trkpt>
      <trkpt lat="41.858002865192994" lon="-87.65339845829223">
        <ele>180.39704173200542</ele>
      </trkpt>
      <trkpt lat="41.85801119080581" lon="-87.6527948296648">
        <ele>180.2728189397183</ele>
      </trkpt>
      <trkpt lat="41.85801951641862" lon="-87.65219120103735">
        <ele>180.32356376888632</ele>
      </trkpt>
      <trkpt lat="41.85802784203143" lon="-87.65158757240992">
        <ele>180.38483036773093</ele>
      </trkpt>
      <trkpt lat="41.85803616764425" lon="-87.65098394378248">
        <ele>180.13962524112364</ele>
      </trkpt>
      <trkpt lat="41.85804449325706" lon="-87.65038031515505">
        <ele>180.5011721945747</ele>
      </trkpt>
      <trkpt lat="41.858050487350965" lon="-87.6499457277249">
        <ele>181.16526983329044</ele>
      </trkpt>
      <trkpt lat="41.858061451411785" lon="-87.64934217439686">
        <ele>180.38330376117028</ele>
      </trkpt>
      <trkpt lat="41.858072415472606" lon="-87.64873862106884">
        <ele>180.33908311176475</ele>
      </trkpt>
      <trkpt lat="41.858083379533426" lon="-87.64813506774081">
        <ele>180.28063367258054</ele>
      </trkpt>
      <trkpt lat="41.85809434359425" lon="-87.64753151441279">
        <ele>180.37117864357907</ele>
      </trkpt>
      <trkpt lat="41.85810530765507" lon="-87.64692796108476">
        <ele>180.26935297563472</ele>
      </trkpt>
      <trkpt lat="41.85810998743082" lon="-87.64667034720651">
        <ele>180.25337493568253</ele>
      </trkpt>
      <trkpt lat="41.857660518229636" lon="-87.64665275360218">
        <ele>180.33257553198442</ele>
      </trkpt>
      <trkpt lat="41.85721104902846" lon="-87.64663515999787">
        <ele>180.38056509231043</ele>
      </trkpt>
      <trkpt lat="41.85676157982727" lon="-87.64661756639354">
        <ele>180.30997532679</ele>
      </trkpt>
      <trkpt lat="41.85631211062609" lon="-87.64659997278923">
        <ele>180.36068074886626</ele>
      </trkpt>
      <trkpt lat="41.855862641424906" lon="-87.6465823791849">
        <ele>180.39818639236225</ele>
      </trkpt>
      <trkpt lat="41.85541317222372" lon="-87.6465647855806">
        <ele>180.34184938130107</ele>
      </trkpt>
      <trkpt lat="41.85496370302254" lon="-87.64654719197627">
        <ele>180.24626937747817</ele>
      </trkpt>
      <trkpt lat="41.85470847731844" lon="-87.64653720165872">
        <ele>180.22820189214266</ele>
      </trkpt>
      <trkpt lat="41.854258864811875" lon="-87.64652841096928">
        <ele>180.20479745616967</ele>
      </trkpt>
      <trkpt lat="41.85380925230531" lon="-87.64651962027983">
        <ele>179.9843812752379</ele>
      </trkpt>
      <trkpt lat="41.85335963979875" lon="-87.6465108295904">
        <ele>180.08693556069952</ele>
      </trkpt>
      <trkpt lat="41.85291002729218" lon="-87.64650203890096">
        <ele>179.8843177231386</ele>
      </trkpt>
      <trkpt lat="41.85266550091316" lon="-87.64649725799423">
        <ele>179.793690262621</ele>
      </trkpt>
      <trkpt lat="41.85221593283289" lon="-87.646485040453">
        <ele>180.19181653223612</ele>
      </trkpt>
      <trkpt lat="41.85176636475262" lon="-87.64647282291178">
        <ele>180.2463962510091</ele>
      </trkpt>
      <trkpt lat="41.85131679667235" lon="-87.64646060537056">
        <ele>180.24136306597046</ele>
      </trkpt>
      <trkpt lat="41.85086722859208" lon="-87.64644838782934">
        <ele>180.20446708883884</ele>
      </trkpt>
      <trkpt lat="41.85041766051181" lon="-87.64643617028811">
        <ele>180.6511772612027</ele>
      </trkpt>
      <trkpt lat="41.85021582666275" lon="-87.64643068521593">
        <ele>181.26993347496085</ele>
      </trkpt>
      <trkpt lat="41.84976646348236" lon="-87.64645262175166">
        <ele>182.16681576074862</ele>
      </trkpt>
      <trkpt lat="41.849317100301974" lon="-87.6464745582874">
        <ele>175.59707842700448</ele>
      </trkpt>
      <trkpt lat="41.849124848427294" lon="-87.64648394343577">
        <ele>178.51895877393508</ele>
      </trkpt>
      <trkpt lat="41.8486752713696" lon="-87.64649554981737">
        <ele>181.25294952236024</ele>
      </trkpt>
      <trkpt lat="41.84822569431191" lon="-87.64650715619898">
        <ele>180.02080012902567</ele>
      </trkpt>
      <trkpt lat="41.84809336098371" lon="-87.6465105725457">
        <ele>179.56716382142216</ele>
      </trkpt>
      <trkpt lat="41.8476439741423" lon="-87.6464895283268">
        <ele>179.50079171961838</ele>
      </trkpt>
      <trkpt lat="41.84724038765012" lon="-87.64647062888048">
        <ele>180.1868122890389</ele>
      </trkpt>
      <trkpt lat="41.84748328629831" lon="-87.64596264122041">
        <ele>180.14856271047273</ele>
      </trkpt>
      <trkpt lat="41.84772618494651" lon="-87.64545465356035">
        <ele>180.12357222125667</ele>
      </trkpt>
      <trkpt lat="41.847969083594705" lon="-87.64494666590028">
        <ele>180.13192349873498</ele>
      </trkpt>
      <trkpt lat="41.848182624977255" lon="-87.64450007474773">
        <ele>180.23873175663397</ele>
      </trkpt>
      <trkpt lat="41.84833669220071" lon="-87.64393297208835">
        <ele>180.2478344529368</ele>
      </trkpt>
      <trkpt lat="41.84849008889179" lon="-87.64336833757685">
        <ele>180.1844737911277</ele>
      </trkpt>
      <trkpt lat="41.848714369652185" lon="-87.64284514045752">
        <ele>180.24211361226367</ele>
      </trkpt>
      <trkpt lat="41.84893865041258" lon="-87.6423219433382">
        <ele>180.2038520338626</ele>
      </trkpt>
      <trkpt lat="41.84909509421453" lon="-87.64195699475155">
        <ele>180.1682859223107</ele>
      </trkpt>
      <trkpt lat="41.84935227562016" lon="-87.64146182469183">
        <ele>180.15218262507736</ele>
      </trkpt>
      <trkpt lat="41.849609457025785" lon="-87.64096665463212">
        <ele>180.1322382827683</ele>
      </trkpt>
      <trkpt lat="41.84984886333302" lon="-87.64050570826176">
        <ele>179.98884748135384</ele>
      </trkpt>
      <trkpt lat="41.85018759996671" lon="-87.64010870790858">
        <ele>180.0819314465606</ele>
      </trkpt>
      <trkpt lat="41.85047369152716" lon="-87.63977340773953">
        <ele>180.20793019295363</ele>
      </trkpt>
      <trkpt lat="41.85072164899641" lon="-87.6392698190903">
        <ele>180.18073363294357</ele>
      </trkpt>
      <trkpt lat="41.85096960646567" lon="-87.63876623044108">
        <ele>180.16737203345286</ele>
      </trkpt>
      <trkpt lat="41.851217563934924" lon="-87.63826264179185">
        <ele>180.07388586687463</ele>
      </trkpt>
      <trkpt lat="41.851247279883495" lon="-87.63820229025478">
        <ele>180.04669243414304</ele>
      </trkpt>
      <trkpt lat="41.85149123196763" lon="-87.63769518143206">
        <ele>179.4512508104307</ele>
      </trkpt>
      <trkpt lat="41.85173518405176" lon="-87.63718807260935">
        <ele>180.38593982623064</ele>
      </trkpt>
      <trkpt lat="41.8519791361359" lon="-87.63668096378663">
        <ele>178.9831430641168</ele>
      </trkpt>
      <trkpt lat="41.8521696230041" lon="-87.63628499434117">
        <ele>179.76091878733814</ele>
      </trkpt>
      <trkpt lat="41.85241347409516" lon="-87.63577779153091">
        <ele>180.11251808830576</ele>
      </trkpt>
      <trkpt lat="41.852657325186215" lon="-87.63527058872066">
        <ele>180.15759597450128</ele>
      </trkpt>
      <trkpt lat="41.85287376847691" lon="-87.63482039329676">
        <ele>180.29286740873067</ele>
      </trkpt>
      <trkpt lat="41.85311700983179" lon="-87.63431265451926">
        <ele>180.19696893975254</ele>
      </trkpt>
      <trkpt lat="41.85336025118667" lon="-87.63380491574176">
        <ele>180.08579719028435</ele>
      </trkpt>
      <trkpt lat="41.85360349254156" lon="-87.63329717696426">
        <ele>180.20437105052125</ele>
      </trkpt>
      <trkpt lat="41.85384673389644" lon="-87.63278943818676">
        <ele>180.2291137273398</ele>
      </trkpt>
      <trkpt lat="41.85408997525132" lon="-87.63228169940926">
        <ele>180.14309025590268</ele>
      </trkpt>
      <trkpt lat="41.85432170523171" lon="-87.63179798932217">
        <ele>180.22353279535005</ele>
      </trkpt>
      <trkpt lat="41.853872045049854" lon="-87.63179798932217">
        <ele>180.39905808828843</ele>
      </trkpt>
      <trkpt lat="41.85381592282991" lon="-87.63179798932217">
        <ele>180.38443179051126</ele>
      </trkpt>
      <trkpt lat="41.853409310548386" lon="-87.63199770764685">
        <ele>180.25516254777716</ele>
      </trkpt>
      <trkpt lat="41.852959947368" lon="-87.63201964537132">
        <ele>180.3225861371025</ele>
      </trkpt>
      <trkpt lat="41.85286385098914" lon="-87.63202433675676">
        <ele>180.26536619636022</ele>
      </trkpt>
      <trkpt lat="41.852414299847" lon="-87.63201104321982">
        <ele>180.14790673398437</ele>
      </trkpt>
      <trkpt lat="41.85196474870486" lon="-87.63199774968287">
        <ele>180.20467215527552</ele>
      </trkpt>
      <trkpt lat="41.85151519756272" lon="-87.63198445614593">
        <ele>180.2169722222862</ele>
      </trkpt>
      <trkpt lat="41.85106564642058" lon="-87.63197116260898">
        <ele>180.18222426366668</ele>
      </trkpt>
      <trkpt lat="41.85061609527844" lon="-87.63195786907204">
        <ele>180.19346195371693</ele>
      </trkpt>
      <trkpt lat="41.850612541408196" lon="-87.63195776398165">
        <ele>180.19521095776008</ele>
      </trkpt>
      <trkpt lat="41.85016292499432" lon="-87.63194934174656">
        <ele>180.19838794555415</ele>
      </trkpt>
      <trkpt lat="41.849713308580455" lon="-87.63194091951148">
        <ele>180.27157281151977</ele>
      </trkpt>
      <trkpt lat="41.84926369216658" lon="-87.6319324972764">
        <ele>180.20660332736517</ele>
      </trkpt>
      <trkpt lat="41.848814075752706" lon="-87.63192407504131">
        <ele>180.27425172957487</ele>
      </trkpt>
      <trkpt lat="41.8484801707238" lon="-87.63191782031714">
        <ele>180.39749105357103</ele>
      </trkpt>
      <trkpt lat="41.848035270233815" lon="-87.63200541686032">
        <ele>180.48462857924886</ele>
      </trkpt>
      <trkpt lat="41.84773630375935" lon="-87.63206428042707">
        <ele>177.31141027414304</ele>
      </trkpt>
      <trkpt lat="41.84728972347799" lon="-87.63213480954478">
        <ele>175.41904664252576</ele>
      </trkpt>
      <trkpt lat="41.847061856904986" lon="-87.6321707968667">
        <ele>180.6532414563246</ele>
      </trkpt>
      <trkpt lat="41.84661641402782" lon="-87.63208831915064">
        <ele>180.33448274836832</ele>
      </trkpt>
      <trkpt lat="41.84619895129734" lon="-87.63201102220793">
        <ele>180.10982142857853</ele>
      </trkpt>
      <trkpt lat="41.84575613334318" lon="-87.6319061223374">
        <ele>179.82915481583643</ele>
      </trkpt>
      <trkpt lat="41.845524488235895" lon="-87.63185124754848">
        <ele>179.36376882111125</ele>
      </trkpt>
      <trkpt lat="41.84507485775516" lon="-87.63185818513941">
        <ele>178.7016219972585</ele>
      </trkpt>
      <trkpt lat="41.844661561883385" lon="-87.63186456210407">
        <ele>179.45303563283935</ele>
      </trkpt>
      <trkpt lat="41.84421202324773" lon="-87.63185052882591">
        <ele>179.30656317251106</ele>
      </trkpt>
      <trkpt lat="41.84376248461207" lon="-87.63183649554774">
        <ele>179.9209264834989</ele>
      </trkpt>
      <trkpt lat="41.843312945976415" lon="-87.63182246226958">
        <ele>180.3828869904309</ele>
      </trkpt>
      <trkpt lat="41.84286340734076" lon="-87.63180842899142">
        <ele>180.69462487504404</ele>
      </trkpt>
      <trkpt lat="41.84241386870511" lon="-87.63179439571326">
        <ele>181.05641797264707</ele>
      </trkpt>
      <trkpt lat="41.842102470500976" lon="-87.63178467477434">
        <ele>181.75048389753604</ele>
      </trkpt>
      <trkpt lat="41.84165295344624" lon="-87.63176944743417">
        <ele>181.42280317543242</ele>
      </trkpt>
      <trkpt lat="41.84120343639151" lon="-87.63175422009401">
        <ele>180.80104077254677</ele>
      </trkpt>
      <trkpt lat="41.84075391933678" lon="-87.63173899275384">
        <ele>180.54766257701564</ele>
      </trkpt>
      <trkpt lat="41.84030440228204" lon="-87.63172376541368">
        <ele>180.3291983825856</ele>
      </trkpt>
      <trkpt lat="41.839854885227304" lon="-87.63170853807351">
        <ele>180.03668299694596</ele>
      </trkpt>
      <trkpt lat="41.83940536817257" lon="-87.63169331073335">
        <ele>179.70270817537664</ele>
      </trkpt>
      <trkpt lat="41.83895585111784" lon="-87.63167808339318">
        <ele>179.37565228799818</ele>
      </trkpt>
      <trkpt lat="41.83872456333458" lon="-87.63167024854529">
        <ele>179.22559834811554</ele>
      </trkpt>
      <trkpt lat="41.83827492704603" lon="-87.6316640268026">
        <ele>179.67116512206053</ele>
      </trkpt>
      <trkpt lat="41.83782529075748" lon="-87.63165780505992">
        <ele>179.83216822019963</ele>
      </trkpt>
      <trkpt lat="41.83737565446893" lon="-87.63165158331722">
        <ele>180.40025099584025</ele>
      </trkpt>
      <trkpt lat="41.836926018180385" lon="-87.63164536157453">
        <ele>180.7396629011328</ele>
      </trkpt>
      <trkpt lat="41.83680011631955" lon="-87.63164361943538">
        <ele>180.46102825015333</ele>
      </trkpt>
      <trkpt lat="41.83665131646001" lon="-87.63163030488006">
        <ele>180.08466679592047</ele>
      </trkpt>
      <trkpt lat="41.83620171406793" lon="-87.63162062930567">
        <ele>179.73821692690245</ele>
      </trkpt>
      <trkpt lat="41.83575211167586" lon="-87.63161095373128">
        <ele>179.87148114547506</ele>
      </trkpt>
      <trkpt lat="41.835302509283785" lon="-87.63160127815691">
        <ele>180.0099545228309</ele>
      </trkpt>
      <trkpt lat="41.83485290689171" lon="-87.63159160258252">
        <ele>180.06616450404914</ele>
      </trkpt>
      <trkpt lat="41.83460470862673" lon="-87.63158626128359">
        <ele>180.2409247604122</ele>
      </trkpt>
      <trkpt lat="41.834596534338104" lon="-87.63218967265489">
        <ele>180.97517766386977</ele>
      </trkpt>
      <trkpt lat="41.83458836004949" lon="-87.6327930840262">
        <ele>180.81904846113002</ele>
      </trkpt>
      <trkpt lat="41.83458018576086" lon="-87.6333964953975">
        <ele>180.8153940644529</ele>
      </trkpt>
      <trkpt lat="41.83457201147224" lon="-87.6339999067688">
        <ele>180.76731827968734</ele>
      </trkpt>
      <trkpt lat="41.83456383718362" lon="-87.63460331814012">
        <ele>180.85664180745584</ele>
      </trkpt>
      <trkpt lat="41.834555662895" lon="-87.63520672951142">
        <ele>180.70997160982478</ele>
      </trkpt>
      <trkpt lat="41.834555107010715" lon="-87.63524776389534">
        <ele>180.70497703690702</ele>
      </trkpt>
      <trkpt lat="41.8341054733896" lon="-87.63524120456916">
        <ele>180.83295266726032</ele>
      </trkpt>
      <trkpt lat="41.83365583976849" lon="-87.63523464524299">
        <ele>180.79540513893244</ele>
      </trkpt>
      <trkpt lat="41.83320620614737" lon="-87.63522808591681">
        <ele>180.82185358280503</ele>
      </trkpt>
      <trkpt lat="41.83275657252626" lon="-87.63522152659063">
        <ele>180.78225761716413</ele>
      </trkpt>
      <trkpt lat="41.83230693890514" lon="-87.63521496726446">
        <ele>180.8789597655567</ele>
      </trkpt>
      <trkpt lat="41.83185730528403" lon="-87.63520840793828">
        <ele>180.87006766004333</ele>
      </trkpt>
      <trkpt lat="41.831407671662916" lon="-87.6352018486121">
        <ele>180.85928436542574</ele>
      </trkpt>
      <trkpt lat="41.8309580380418" lon="-87.63519528928593">
        <ele>181.0499328961172</ele>
      </trkpt>
      <trkpt lat="41.83090432252612" lon="-87.63519450567551">
        <ele>181.11547079112773</ele>
      </trkpt>
      <trkpt lat="41.830909227618015" lon="-87.63459106499572">
        <ele>181.1142287563107</ele>
      </trkpt>
      <trkpt lat="41.83091413270991" lon="-87.6339876243159">
        <ele>181.1831074274725</ele>
      </trkpt>
      <trkpt lat="41.83091903780179" lon="-87.63338418363611">
        <ele>181.16509782027725</ele>
      </trkpt>
      <trkpt lat="41.83092394289368" lon="-87.63278074295631">
        <ele>181.3564918650667</ele>
      </trkpt>
      <trkpt lat="41.830928847985575" lon="-87.63217730227652">
        <ele>181.3264763082155</ele>
      </trkpt>
      <trkpt lat="41.83093375307747" lon="-87.6315738615967">
        <ele>181.28192039981974</ele>
      </trkpt>
      <trkpt lat="41.8309340851977" lon="-87.63153300306378">
        <ele>180.9060957076851</ele>
      </trkpt>
      <trkpt lat="41.83048453298313" lon="-87.6315197797268">
        <ele>180.45699026025846</ele>
      </trkpt>
      <trkpt lat="41.830034980768566" lon="-87.63150655638982">
        <ele>180.0370721173677</ele>
      </trkpt>
      <trkpt lat="41.829585428554" lon="-87.63149333305286">
        <ele>180.29298556312355</ele>
      </trkpt>
      <trkpt lat="41.829135876339436" lon="-87.63148010971588">
        <ele>180.87449608323274</ele>
      </trkpt>
      <trkpt lat="41.82868632412487" lon="-87.6314668863789">
        <ele>181.44409749351894</ele>
      </trkpt>
      <trkpt lat="41.8282367719103" lon="-87.63145366304192">
        <ele>181.46729233616304</ele>
      </trkpt>
      <trkpt lat="41.827787219695736" lon="-87.63144043970495">
        <ele>181.52728315314644</ele>
      </trkpt>
      <trkpt lat="41.82733766748117" lon="-87.63142721636797">
        <ele>181.5440393649671</ele>
      </trkpt>
      <trkpt lat="41.82731285853771" lon="-87.63142648662622">
        <ele>181.54286346687962</ele>
      </trkpt>
      <trkpt lat="41.82686323940758" lon="-87.63141833297492">
        <ele>181.48790465581305</ele>
      </trkpt>
      <trkpt lat="41.82641362027746" lon="-87.6314101793236">
        <ele>181.42624982194883</ele>
      </trkpt>
      <trkpt lat="41.82596400114733" lon="-87.63140202567229">
        <ele>181.34958360396783</ele>
      </trkpt>
      <trkpt lat="41.8255143820172" lon="-87.63139387202096">
        <ele>181.220914218555</ele>
      </trkpt>
      <trkpt lat="41.825064762887074" lon="-87.63138571836966">
        <ele>181.06710928642764</ele>
      </trkpt>
      <trkpt lat="41.824615143756944" lon="-87.63137756471835">
        <ele>180.92983379437487</ele>
      </trkpt>
      <trkpt lat="41.824165524626814" lon="-87.63136941106703">
        <ele>180.71898986589784</ele>
      </trkpt>
      <trkpt lat="41.82371590549669" lon="-87.63136125741572">
        <ele>181.4475051966421</ele>
      </trkpt>
      <trkpt lat="41.82364181696647" lon="-87.6313599138518">
        <ele>181.4153065875707</ele>
      </trkpt>
      <trkpt lat="41.823648787604434" lon="-87.63075657827494">
        <ele>174.91429673609866</ele>
      </trkpt>
      <trkpt lat="41.823655758242396" lon="-87.63015324269809">
        <ele>175.6754684179027</ele>
      </trkpt>
      <trkpt lat="41.823661661000216" lon="-87.62964233626285">
        <ele>180.12427441148785</ele>
      </trkpt>
      <trkpt lat="41.8241112510553" lon="-87.62965299323326">
        <ele>180.71191424597123</ele>
      </trkpt>
      <trkpt lat="41.824560841110376" lon="-87.6296636502037">
        <ele>180.99660314742528</ele>
      </trkpt>
      <trkpt lat="41.82501043116546" lon="-87.62967430717411">
        <ele>181.26153941639643</ele>
      </trkpt>
      <trkpt lat="41.82546002122054" lon="-87.62968496414453">
        <ele>181.37844394469147</ele>
      </trkpt>
      <trkpt lat="41.82590961127562" lon="-87.62969562111495">
        <ele>181.56913342825925</ele>
      </trkpt>
      <trkpt lat="41.8263592013307" lon="-87.62970627808538">
        <ele>181.72691506844248</ele>
      </trkpt>
      <trkpt lat="41.82680879138579" lon="-87.6297169350558">
        <ele>181.66918769394988</ele>
      </trkpt>
      <trkpt lat="41.82725838144086" lon="-87.62972759202621">
        <ele>181.3350415744834</ele>
      </trkpt>
      <trkpt lat="41.82770797149595" lon="-87.62973824899663">
        <ele>181.57051862402653</ele>
      </trkpt>
      <trkpt lat="41.82815756155102" lon="-87.62974890596706">
        <ele>181.77802322240183</ele>
      </trkpt>
      <trkpt lat="41.82860715160611" lon="-87.62975956293748">
        <ele>182.02471766032414</ele>
      </trkpt>
      <trkpt lat="41.82905674166119" lon="-87.6297702199079">
        <ele>182.15869961143494</ele>
      </trkpt>
      <trkpt lat="41.82950633171627" lon="-87.62978087687831">
        <ele>182.1049965332513</ele>
      </trkpt>
      <trkpt lat="41.82995592177135" lon="-87.62979153384875">
        <ele>181.9797300711396</ele>
      </trkpt>
      <trkpt lat="41.830405511826434" lon="-87.62980219081916">
        <ele>181.7991418608234</ele>
      </trkpt>
      <trkpt lat="41.83085510188151" lon="-87.62981284778958">
        <ele>181.35360904903985</ele>
      </trkpt>
      <trkpt lat="41.8309638478527" lon="-87.62981542547693">
        <ele>180.75371206157234</ele>
      </trkpt>
      <trkpt lat="41.83097302268063" lon="-87.62921207386911">
        <ele>180.84379195596134</ele>
      </trkpt>
      <trkpt lat="41.83098219750856" lon="-87.62860872226129">
        <ele>180.87440515872942</ele>
      </trkpt>
      <trkpt lat="41.83099137233649" lon="-87.62800537065345">
        <ele>180.79544244704</ele>
      </trkpt>
      <trkpt lat="41.83100054716442" lon="-87.62740201904563">
        <ele>181.0186909935391</ele>
      </trkpt>
      <trkpt lat="41.83100972199235" lon="-87.62679866743781">
        <ele>181.17560472150222</ele>
      </trkpt>
      <trkpt lat="41.83101345225174" lon="-87.62655335951317">
        <ele>181.30651407294144</ele>
      </trkpt>
      <trkpt lat="41.831018448166965" lon="-87.62594991909985">
        <ele>181.155710825457</ele>
      </trkpt>
      <trkpt lat="41.83102344408219" lon="-87.62534647868652">
        <ele>180.87998344200582</ele>
      </trkpt>
      <trkpt lat="41.83102843999742" lon="-87.62474303827321">
        <ele>180.832813458869</ele>
      </trkpt>
      <trkpt lat="41.831033435912644" lon="-87.6241395978599">
        <ele>180.9141907644641</ele>
      </trkpt>
      <trkpt lat="41.83103843182787" lon="-87.62353615744658">
        <ele>180.91938635377105</ele>
      </trkpt>
      <trkpt lat="41.8310434277431" lon="-87.62293271703325">
        <ele>180.94204724499792</ele>
      </trkpt>
      <trkpt lat="41.83104842365832" lon="-87.62232927661994">
        <ele>180.9359137669984</ele>
      </trkpt>
      <trkpt lat="41.83105313573839" lon="-87.62176011973594">
        <ele>180.99844436525038</ele>
      </trkpt>
      <trkpt lat="41.83106320962798" lon="-87.62115679297796">
        <ele>181.05100456060904</ele>
      </trkpt>
      <trkpt lat="41.83107328351757" lon="-87.62055346621999">
        <ele>181.17345039043903</ele>
      </trkpt>
      <trkpt lat="41.83108335740716" lon="-87.619950139462">
        <ele>181.4193820760768</ele>
      </trkpt>
      <trkpt lat="41.83109343129675" lon="-87.61934681270402">
        <ele>181.5130096410691</ele>
      </trkpt>
      <trkpt lat="41.83110350518634" lon="-87.61874348594606">
        <ele>181.65440937345232</ele>
      </trkpt>
      <trkpt lat="41.83111357907593" lon="-87.61814015918807">
        <ele>181.74843574086694</ele>
      </trkpt>
      <trkpt lat="41.83112365296552" lon="-87.61753683243009">
        <ele>181.68202057041927</ele>
      </trkpt>
      <trkpt lat="41.831132502648046" lon="-87.61700682361713">
        <ele>181.71092578962586</ele>
      </trkpt>
      <trkpt lat="41.831582100390115" lon="-87.61701688047738">
        <ele>181.62514531291794</ele>
      </trkpt>
      <trkpt lat="41.83203169813219" lon="-87.61702693733764">
        <ele>181.64472513531183</ele>
      </trkpt>
      <trkpt lat="41.83248129587426" lon="-87.61703699419789">
        <ele>181.70322990977712</ele>
      </trkpt>
      <trkpt lat="41.83293089361633" lon="-87.61704705105815">
        <ele>181.72906941192565</ele>
      </trkpt>
      <trkpt lat="41.8333804913584" lon="-87.6170571079184">
        <ele>181.77702481217284</ele>
      </trkpt>
      <trkpt lat="41.83383008910047" lon="-87.61706716477866">
        <ele>181.86461960110717</ele>
      </trkpt>
      <trkpt lat="41.83427968684254" lon="-87.61707722163891">
        <ele>181.93858744540557</ele>
      </trkpt>
      <trkpt lat="41.83470391173117" lon="-87.61708671094462">
        <ele>182.0167099082174</ele>
      </trkpt>
      <trkpt lat="41.83515353194856" lon="-87.6170947572935">
        <ele>182.01067222216284</ele>
      </trkpt>
      <trkpt lat="41.83560315216596" lon="-87.6171028036424">
        <ele>182.005883208571</ele>
      </trkpt>
      <trkpt lat="41.83605277238336" lon="-87.61711084999128">
        <ele>181.9965242576349</ele>
      </trkpt>
      <trkpt lat="41.83650239260076" lon="-87.61711889634016">
        <ele>182.0201164090325</ele>
      </trkpt>
      <trkpt lat="41.83695201281815" lon="-87.61712694268904">
        <ele>182.10494754961834</ele>
      </trkpt>
      <trkpt lat="41.83740163303555" lon="-87.61713498903794">
        <ele>182.21386641388685</ele>
      </trkpt>
      <trkpt lat="41.83785125325294" lon="-87.61714303538682">
        <ele>182.311776946313</ele>
      </trkpt>
      <trkpt lat="41.838300873470345" lon="-87.6171510817357">
        <ele>182.40744482214313</ele>
      </trkpt>
      <trkpt lat="41.838423917629314" lon="-87.61715328371905">
        <ele>182.44321952013772</ele>
      </trkpt>
      <trkpt lat="41.838436796589285" lon="-87.61654998304058">
        <ele>182.54340364016335</ele>
      </trkpt>
      <trkpt lat="41.83844967554925" lon="-87.61594668236214">
        <ele>182.53388607869755</ele>
      </trkpt>
      <trkpt lat="41.83846255450922" lon="-87.61534338168367">
        <ele>182.65084376155053</ele>
      </trkpt>
      <trkpt lat="41.83847543346919" lon="-87.61474008100521">
        <ele>182.8618979676212</ele>
      </trkpt>
      <trkpt lat="41.838488312429156" lon="-87.61413678032676">
        <ele>183.08483182345117</ele>
      </trkpt>
      <trkpt lat="41.83850119138913" lon="-87.6135334796483">
        <ele>183.1266213966031</ele>
      </trkpt>
      <trkpt lat="41.8385140703491" lon="-87.61293017896983">
        <ele>182.8110669557193</ele>
      </trkpt>
      <trkpt lat="41.83852694930906" lon="-87.61232687829138">
        <ele>182.84148432631375</ele>
      </trkpt>
      <trkpt lat="41.838539828269035" lon="-87.61172357761292">
        <ele>184.14375581773402</ele>
      </trkpt>
      <trkpt lat="41.838552707229006" lon="-87.61112027693446">
        <ele>178.1867783064135</ele>
      </trkpt>
      <trkpt lat="41.83856558618897" lon="-87.61051697625601">
        <ele>178.2637080229373</ele>
      </trkpt>
      <trkpt lat="41.83857846514894" lon="-87.60991367557754">
        <ele>183.97965470538006</ele>
      </trkpt>
      <trkpt lat="41.83859134410891" lon="-87.60931037489908">
        <ele>183.37432901727956</ele>
      </trkpt>
      <trkpt lat="41.83860422306888" lon="-87.60870707422063">
        <ele>178.89411995850753</ele>
      </trkpt>
      <trkpt lat="41.83861710202885" lon="-87.60810377354217">
        <ele>183.97698180622967</ele>
      </trkpt>
      <trkpt lat="41.83862231186811" lon="-87.60785972436686">
        <ele>183.69753119681909</ele>
      </trkpt>
      <trkpt lat="41.839061189899375" lon="-87.60799110268337">
        <ele>182.8956932278286</ele>
      </trkpt>
      <trkpt lat="41.83950006793065" lon="-87.60812248099987">
        <ele>181.30972175888934</ele>
      </trkpt>
      <trkpt lat="41.83993894596192" lon="-87.60825385931638">
        <ele>180.20118745643308</ele>
      </trkpt>
      <trkpt lat="41.840001134812155" lon="-87.6082724755739">
        <ele>180.12446275695146</ele>
      </trkpt>
      <trkpt lat="41.84039473783447" lon="-87.60856431117672">
        <ele>179.7820071053807</ele>
      </trkpt>
      <trkpt lat="41.84078834085679" lon="-87.60885614677953">
        <ele>179.64383072395037</ele>
      </trkpt>
      <trkpt lat="41.84104267204475" lon="-87.60904471976131">
        <ele>179.58117152318508</ele>
      </trkpt>
      <trkpt lat="41.84147010853092" lon="-87.60923212566085">
        <ele>179.48307179224162</ele>
      </trkpt>
      <trkpt lat="41.84189754501709" lon="-87.60941953156038">
        <ele>179.6101662955928</ele>
      </trkpt>
      <trkpt lat="41.84232498150326" lon="-87.60960693745992">
        <ele>179.74772714510897</ele>
      </trkpt>
      <trkpt lat="41.84275241798942" lon="-87.60979434335945">
        <ele>179.87642101257384</ele>
      </trkpt>
      <trkpt lat="41.8430165865752" lon="-87.60991016583378">
        <ele>179.96641007634028</ele>
      </trkpt>
      <trkpt lat="41.84344570101898" lon="-87.61009053448022">
        <ele>179.8944171465293</ele>
      </trkpt>
      <trkpt lat="41.84387481546275" lon="-87.61027090312668">
        <ele>179.73085720409324</ele>
      </trkpt>
      <trkpt lat="41.84399856156196" lon="-87.61032291702818">
        <ele>179.79195633253886</ele>
      </trkpt>
      <trkpt lat="41.844442461823924" lon="-87.61041922042496">
        <ele>179.94172241136297</ele>
      </trkpt>
      <trkpt lat="41.84488636208589" lon="-87.61051552382173">
        <ele>180.14904392061726</ele>
      </trkpt>
      <trkpt lat="41.84533026234786" lon="-87.6106118272185">
        <ele>180.29532263639433</ele>
      </trkpt>
      <trkpt lat="41.84577416260982" lon="-87.61070813061528">
        <ele>180.21824960838734</ele>
      </trkpt>
      <trkpt lat="41.845962466348084" lon="-87.61074898278676">
        <ele>180.15144960173149</ele>
      </trkpt>
      <trkpt lat="41.846406897745396" lon="-87.61084076888262">
        <ele>180.0590530459222</ele>
      </trkpt>
      <trkpt lat="41.84685132914271" lon="-87.61093255497849">
        <ele>179.86495416486284</ele>
      </trkpt>
      <trkpt lat="41.84729576054002" lon="-87.61102434107435">
        <ele>180.03834804893478</ele>
      </trkpt>
      <trkpt lat="41.84774019193733" lon="-87.61111612717022">
        <ele>180.3693793719728</ele>
      </trkpt>
      <trkpt lat="41.84815443029501" lon="-87.61120167765526">
        <ele>180.70679793609764</ele>
      </trkpt>
      <trkpt lat="41.84815443029501" lon="-87.61120167765526">
        <ele>180.70679793609764</ele>
      </trkpt>
      <trkpt lat="41.84858507873907" lon="-87.61137534918643">
        <ele>180.99168586067864</ele>
      </trkpt>
      <trkpt lat="41.84901572718313" lon="-87.6115490207176">
        <ele>182.49614680155656</ele>
      </trkpt>
      <trkpt lat="41.84944637562719" lon="-87.61172269224876">
        <ele>183.71097942002214</ele>
      </trkpt>
      <trkpt lat="41.84987702407125" lon="-87.61189636377993">
        <ele>182.96806853912352</ele>
      </trkpt>
      <trkpt lat="41.85030056445052" lon="-87.6120671687769">
        <ele>183.90177241461754</ele>
      </trkpt>
      <trkpt lat="41.85070381995731" lon="-87.6123342497933">
        <ele>184.0510572316751</ele>
      </trkpt>
      <trkpt lat="41.85076286869176" lon="-87.6123733584868">
        <ele>184.0859696633684</ele>
      </trkpt>
      <trkpt lat="41.85076286869176" lon="-87.6123733584868">
        <ele>184.0859696633684</ele>
      </trkpt>
      <trkpt lat="41.85111990902004" lon="-87.61253313314627">
        <ele>182.56659207917147</ele>
      </trkpt>
      <trkpt lat="41.85155110357189" lon="-87.61270435502482">
        <ele>183.16728301256632</ele>
      </trkpt>
      <trkpt lat="41.851982298123744" lon="-87.61287557690335">
        <ele>185.98330357972247</ele>
      </trkpt>
      <trkpt lat="41.852413492675595" lon="-87.6130467987819">
        <ele>189.53009996729466</ele>
      </trkpt>
      <trkpt lat="41.852844687227446" lon="-87.61321802066044">
        <ele>184.2696261532376</ele>
      </trkpt>
      <trkpt lat="41.8532758817793" lon="-87.61338924253897">
        <ele>184.51222388803575</ele>
      </trkpt>
      <trkpt lat="41.85370707633115" lon="-87.61356046441752">
        <ele>184.55316488303842</ele>
      </trkpt>
      <trkpt lat="41.854138270883" lon="-87.61373168629606">
        <ele>183.89833798953578</ele>
      </trkpt>
      <trkpt lat="41.85456946543485" lon="-87.6139029081746">
        <ele>182.33261491098796</ele>
      </trkpt>
      <trkpt lat="41.85464061664683" lon="-87.61393116141696">
        <ele>182.49431666224177</ele>
      </trkpt>
      <trkpt lat="41.85507228375122" lon="-87.6141002324211">
        <ele>182.15952863526627</ele>
      </trkpt>
      <trkpt lat="41.8555039508556" lon="-87.61426930342525">
        <ele>180.64405836266013</ele>
      </trkpt>
      <trkpt lat="41.855935617959986" lon="-87.61443837442938">
        <ele>180.3383671356125</ele>
      </trkpt>
      <trkpt lat="41.856367285064366" lon="-87.61460744543353">
        <ele>180.01525242447406</ele>
      </trkpt>
      <trkpt lat="41.85679895216875" lon="-87.61477651643767">
        <ele>179.97307905725728</ele>
      </trkpt>
      <trkpt lat="41.85723061927314" lon="-87.61494558744182">
        <ele>179.528053470496</ele>
      </trkpt>
      <trkpt lat="41.85766228637752" lon="-87.61511465844596">
        <ele>179.52339252333587</ele>
      </trkpt>
      <trkpt lat="41.857821472967686" lon="-87.61517700703907">
        <ele>179.56635253565352</ele>
      </trkpt>
      <trkpt lat="41.858183380814694" lon="-87.61533249895193">
        <ele>179.71528078082812</ele>
      </trkpt>
      <trkpt lat="41.858196235829354" lon="-87.61570459902555">
        <ele>179.81982584526895</ele>
      </trkpt>
      <trkpt lat="41.85806010534113" lon="-87.61628000059825">
        <ele>180.33367033687654</ele>
      </trkpt>
      <trkpt lat="41.85800080588564" lon="-87.61653064981282">
        <ele>183.01159846503631</ele>
      </trkpt>
      <trkpt lat="41.857858610851046" lon="-87.61710339963449">
        <ele>179.84040057323273</ele>
      </trkpt>
      <trkpt lat="41.85784156623086" lon="-87.61717205395283">
        <ele>179.67941200553514</ele>
      </trkpt>
      <trkpt lat="41.85827996896929" lon="-87.61730630098496">
        <ele>180.64471506789639</ele>
      </trkpt>
      <trkpt lat="41.858718371707724" lon="-87.6174405480171">
        <ele>181.98127085632606</ele>
      </trkpt>
      <trkpt lat="41.85907928220445" lon="-87.61755106549066">
        <ele>182.58249024893047</ele>
      </trkpt>
      <trkpt lat="41.8595199122198" lon="-87.61767145400172">
        <ele>182.4359206457523</ele>
      </trkpt>
      <trkpt lat="41.85996054223516" lon="-87.61779184251277">
        <ele>181.5736103719451</ele>
      </trkpt>
      <trkpt lat="41.86032421211678" lon="-87.61789120404976">
        <ele>181.52135552854068</ele>
      </trkpt>
      <trkpt lat="41.86075973234657" lon="-87.61804142072334">
        <ele>181.6555532821838</ele>
      </trkpt>
      <trkpt lat="41.861113137713374" lon="-87.61816331489725">
        <ele>181.84685147133473</ele>
      </trkpt>
      <trkpt lat="41.8615430273653" lon="-87.61834037647948">
        <ele>181.97010521148016</ele>
      </trkpt>
      <trkpt lat="41.86197291701723" lon="-87.6185174380617">
        <ele>182.207326804488</ele>
      </trkpt>
      <trkpt lat="41.862292889047836" lon="-87.61864922712374">
        <ele>182.3171501837973</ele>
      </trkpt>
      <trkpt lat="41.86272984799508" lon="-87.61879171697248">
        <ele>182.41842850693234</ele>
      </trkpt>
      <trkpt lat="41.86316680694232" lon="-87.61893420682122">
        <ele>182.19552542307645</ele>
      </trkpt>
      <trkpt lat="41.863306155004494" lon="-87.61897964743854">
        <ele>182.14723447224787</ele>
      </trkpt>
      <trkpt lat="41.86374802548318" lon="-87.61909154742898">
        <ele>181.92297145256532</ele>
      </trkpt>
      <trkpt lat="41.86418989596187" lon="-87.61920344741942">
        <ele>181.57201527404527</ele>
      </trkpt>
      <trkpt lat="41.86463176644055" lon="-87.61931534740987">
        <ele>181.58965153851864</ele>
      </trkpt>
      <trkpt lat="41.86495629662133" lon="-87.6193975319546">
        <ele>182.14948916084467</ele>
      </trkpt>
      <trkpt lat="41.865359614603086" lon="-87.61966450418099">
        <ele>184.70464264249537</ele>
      </trkpt>
      <trkpt lat="41.865470147814875" lon="-87.6197376705137">
        <ele>186.4846195432278</ele>
      </trkpt>
      <trkpt lat="41.865905675536865" lon="-87.6198878613657">
        <ele>186.62279856564774</ele>
      </trkpt>
      <trkpt lat="41.866341203258855" lon="-87.62003805221768">
        <ele>186.94292647149786</ele>
      </trkpt>
      <trkpt lat="41.86677673098084" lon="-87.62018824306968">
        <ele>186.41023826213893</ele>
      </trkpt>
      <trkpt lat="41.86721225870283" lon="-87.62033843392167">
        <ele>186.1656804512683</ele>
      </trkpt>
      <trkpt lat="41.867330109859694" lon="-87.6203790746542">
        <ele>186.24434668847738</ele>
      </trkpt>
      <trkpt lat="41.867330109859694" lon="-87.6203790746542">
        <ele>186.24434668847738</ele>
      </trkpt>
      <trkpt lat="41.86769920095139" lon="-87.62042766587669">
        <ele>186.46981567988325</ele>
      </trkpt>
    </trkseg>
  </trk>
</gpx>